[10Apr2025 04:01:40.984] [main/INFO] [cpw.mods.modlauncher.Launcher/MODLAUNCHER]: ModLauncher running: args [--gameDir, ., --launchTarget, fmlserver, --fml.forgeVersion, 36.2.42, --fml.mcpVersion, 20210115.111550, --fml.mcVersion, 1.16.5, --fml.forgeGroup, net.minecraftforge, nogui]
[10Apr2025 04:01:40.989] [main/INFO] [cpw.mods.modlauncher.Launcher/MODLAUNCHER]: ModLauncher 8.1.3+8.1.3+main-8.1.x.c94d18ec starting: java version 11.0.26 by Ubuntu
[10Apr2025 04:01:41.004] [main/DEBUG] [cpw.mods.modlauncher.LaunchServiceHandler/MODLAUNCHER]: Found launch services [minecraft,testharness,fmlclient,fmlserver]
[10Apr2025 04:01:41.033] [main/DEBUG] [cpw.mods.modlauncher.NameMappingServiceHandler/MODLAUNCHER]: Found naming services : []
[10Apr2025 04:01:41.140] [main/DEBUG] [cpw.mods.modlauncher.LaunchPluginHandler/MODLAUNCHER]: Found launch plugins: [mixin,eventbus,object_holder_definalize,runtime_enum_extender,capability_inject_definalize,accesstransformer,runtimedistcleaner]
[10Apr2025 04:01:41.150] [main/DEBUG] [cpw.mods.modlauncher.TransformationServicesHandler/MODLAUNCHER]: Discovering transformation services
[10Apr2025 04:01:41.448] [main/DEBUG] [cpw.mods.modlauncher.TransformationServicesHandler/MODLAUNCHER]: Found additional transformation services from discovery services: []
[10Apr2025 04:01:41.510] [main/DEBUG] [cpw.mods.modlauncher.TransformationServicesHandler/MODLAUNCHER]: Found transformer services : [mixin,fml]
[10Apr2025 04:01:41.511] [main/DEBUG] [cpw.mods.modlauncher.TransformationServicesHandler/MODLAUNCHER]: Transformation services loading
[10Apr2025 04:01:41.512] [main/DEBUG] [cpw.mods.modlauncher.TransformationServiceDecorator/MODLAUNCHER]: Loading service mixin
[10Apr2025 04:01:41.513] [main/DEBUG] [cpw.mods.modlauncher.TransformationServiceDecorator/MODLAUNCHER]: Loaded service mixin
[10Apr2025 04:01:41.513] [main/DEBUG] [cpw.mods.modlauncher.TransformationServiceDecorator/MODLAUNCHER]: Loading service fml
[10Apr2025 04:01:41.513] [main/DEBUG] [net.minecraftforge.fml.loading.FMLServiceProvider/]: Injecting tracing printstreams for STDOUT/STDERR.
[10Apr2025 04:01:41.520] [main/DEBUG] [net.minecraftforge.fml.loading.LauncherVersion/CORE]: Found FMLLauncher version 36.2
[10Apr2025 04:01:41.521] [main/DEBUG] [net.minecraftforge.fml.loading.FMLLoader/CORE]: FML 36.2 loading
[10Apr2025 04:01:41.524] [main/DEBUG] [net.minecraftforge.fml.loading.FMLLoader/CORE]: FML found ModLauncher version : 8.1.3+8.1.3+main-8.1.x.c94d18ec
[10Apr2025 04:01:41.524] [main/DEBUG] [net.minecraftforge.fml.loading.FMLLoader/CORE]: Initializing modjar URL handler
[10Apr2025 04:01:41.525] [main/DEBUG] [net.minecraftforge.fml.loading.FMLLoader/CORE]: FML found AccessTransformer version : 3.0.1+61+master.47bca0e
[10Apr2025 04:01:41.526] [main/DEBUG] [net.minecraftforge.fml.loading.FMLLoader/CORE]: FML found EventBus version : 4.0.0+65+master.6080a3f
[10Apr2025 04:01:41.528] [main/DEBUG] [net.minecraftforge.fml.loading.FMLLoader/CORE]: Found Runtime Dist Cleaner
[10Apr2025 04:01:41.533] [main/DEBUG] [net.minecraftforge.fml.loading.FMLLoader/CORE]: FML found CoreMod version : 4.0.6+14+master.c21a551
[10Apr2025 04:01:41.533] [main/DEBUG] [net.minecraftforge.fml.loading.FMLLoader/CORE]: Found ForgeSPI package implementation version 3.2.0+13+master.8ddb2cc
[10Apr2025 04:01:41.534] [main/DEBUG] [net.minecraftforge.fml.loading.FMLLoader/CORE]: Found ForgeSPI package specification 3
[10Apr2025 04:01:41.714] [main/INFO] [net.minecraftforge.fml.loading.FixSSL/CORE]: Added Lets Encrypt root certificates as additional trust
[10Apr2025 04:01:41.715] [main/DEBUG] [cpw.mods.modlauncher.TransformationServiceDecorator/MODLAUNCHER]: Loaded service fml
[10Apr2025 04:01:41.717] [main/DEBUG] [cpw.mods.modlauncher.TransformationServicesHandler/MODLAUNCHER]: Configuring option handling for services
[10Apr2025 04:01:41.732] [main/DEBUG] [cpw.mods.modlauncher.TransformationServicesHandler/MODLAUNCHER]: Transformation services initializing
[10Apr2025 04:01:41.733] [main/DEBUG] [cpw.mods.modlauncher.TransformationServiceDecorator/MODLAUNCHER]: Initializing transformation service mixin
[10Apr2025 04:01:41.784] [main/DEBUG] [mixin/]: Mixin bootstrap service org.spongepowered.asm.service.mojang.MixinServiceLaunchWrapperBootstrap is not available: LaunchWrapper is not available
[10Apr2025 04:01:41.785] [main/DEBUG] [mixin/]: MixinService [ModLauncher] was successfully booted in jdk.internal.loader.ClassLoaders$AppClassLoader@55054057
[10Apr2025 04:01:41.835] [main/INFO] [mixin/]: SpongePowered MIXIN Subsystem Version=0.8.4 Source=file:/workspaces/23/servidor_minecraft/libraries/org/spongepowered/mixin/0.8.4/mixin-0.8.4.jar Service=ModLauncher Env=SERVER
[10Apr2025 04:01:41.867] [main/DEBUG] [mixin/]: Initialising Mixin Platform Manager
[10Apr2025 04:01:41.868] [main/DEBUG] [mixin/]: Adding mixin platform agents for container ModLauncher Root Container(ModLauncher:4f56a0a2)
[10Apr2025 04:01:41.870] [main/DEBUG] [mixin/]: Instancing new MixinPlatformAgentMinecraftForge for ModLauncher Root Container(ModLauncher:4f56a0a2)
[10Apr2025 04:01:41.871] [main/DEBUG] [mixin/]: MixinPlatformAgentMinecraftForge rejected container ModLauncher Root Container(ModLauncher:4f56a0a2)
[10Apr2025 04:01:41.872] [main/DEBUG] [mixin/]: Instancing new MixinPlatformAgentDefault for ModLauncher Root Container(ModLauncher:4f56a0a2)
[10Apr2025 04:01:41.872] [main/DEBUG] [mixin/]: MixinPlatformAgentDefault accepted container ModLauncher Root Container(ModLauncher:4f56a0a2)
[10Apr2025 04:01:41.876] [main/DEBUG] [cpw.mods.modlauncher.TransformationServiceDecorator/MODLAUNCHER]: Initialized transformation service mixin
[10Apr2025 04:01:41.876] [main/DEBUG] [cpw.mods.modlauncher.TransformationServiceDecorator/MODLAUNCHER]: Initializing transformation service fml
[10Apr2025 04:01:41.876] [main/DEBUG] [net.minecraftforge.fml.loading.FMLServiceProvider/CORE]: Setting up basic FML game directories
[10Apr2025 04:01:41.878] [main/DEBUG] [net.minecraftforge.fml.loading.FileUtils/CORE]: Found existing GAMEDIR directory : /workspaces/23/servidor_minecraft
[10Apr2025 04:01:41.880] [main/DEBUG] [net.minecraftforge.fml.loading.FMLPaths/CORE]: Path GAMEDIR is /workspaces/23/servidor_minecraft
[10Apr2025 04:01:41.880] [main/DEBUG] [net.minecraftforge.fml.loading.FileUtils/CORE]: Found existing MODSDIR directory : /workspaces/23/servidor_minecraft/mods
[10Apr2025 04:01:41.881] [main/DEBUG] [net.minecraftforge.fml.loading.FMLPaths/CORE]: Path MODSDIR is /workspaces/23/servidor_minecraft/mods
[10Apr2025 04:01:41.881] [main/DEBUG] [net.minecraftforge.fml.loading.FileUtils/CORE]: Found existing CONFIGDIR directory : /workspaces/23/servidor_minecraft/config
[10Apr2025 04:01:41.882] [main/DEBUG] [net.minecraftforge.fml.loading.FMLPaths/CORE]: Path CONFIGDIR is /workspaces/23/servidor_minecraft/config
[10Apr2025 04:01:41.882] [main/DEBUG] [net.minecraftforge.fml.loading.FMLPaths/CORE]: Path FMLCONFIG is /workspaces/23/servidor_minecraft/config/fml.toml
[10Apr2025 04:01:41.882] [main/DEBUG] [net.minecraftforge.fml.loading.FMLServiceProvider/CORE]: Loading configuration
[10Apr2025 04:01:41.938] [main/DEBUG] [net.minecraftforge.fml.loading.FileUtils/CORE]: Found existing default config directory directory : /workspaces/23/servidor_minecraft/defaultconfigs
[10Apr2025 04:01:41.939] [main/DEBUG] [net.minecraftforge.fml.loading.FMLServiceProvider/CORE]: Preparing ModFile
[10Apr2025 04:01:41.944] [main/DEBUG] [net.minecraftforge.fml.loading.FMLServiceProvider/CORE]: Preparing launch handler
[10Apr2025 04:01:41.944] [main/DEBUG] [net.minecraftforge.fml.loading.FMLLoader/CORE]: Using fmlserver as launch service
[10Apr2025 04:01:41.956] [main/DEBUG] [net.minecraftforge.fml.loading.FMLLoader/CORE]: Received command line version data  : MC Version: '1.16.5' MCP Version: '20210115.111550' Forge Version: '36.2.42' Forge group: 'net.minecraftforge'
[10Apr2025 04:01:41.958] [main/DEBUG] [net.minecraftforge.fml.loading.LibraryFinder/CORE]: Found JAR asm at path /workspaces/23/servidor_minecraft/libraries/org/ow2/asm/asm/9.6/asm-9.6.jar
[10Apr2025 04:01:41.958] [main/DEBUG] [net.minecraftforge.fml.loading.LibraryFinder/CORE]: Found probable library path /workspaces/23/servidor_minecraft/libraries
[10Apr2025 04:01:41.959] [main/DEBUG] [net.minecraftforge.fml.loading.LibraryFinder/CORE]: Found forge path /workspaces/23/servidor_minecraft/libraries/net/minecraftforge/forge/1.16.5-36.2.42/forge-1.16.5-36.2.42-universal.jar is present
[10Apr2025 04:01:41.962] [main/DEBUG] [net.minecraftforge.fml.loading.LibraryFinder/CORE]: SRG MC at /workspaces/23/servidor_minecraft/libraries/net/minecraft/server/1.16.5-20210115.111550/server-1.16.5-20210115.111550-srg.jar is present
[10Apr2025 04:01:41.962] [main/DEBUG] [net.minecraftforge.fml.loading.LibraryFinder/CORE]: MC Extras at /workspaces/23/servidor_minecraft/libraries/net/minecraft/server/1.16.5-20210115.111550/server-1.16.5-20210115.111550-extra.jar is present
[10Apr2025 04:01:41.963] [main/DEBUG] [net.minecraftforge.fml.loading.LibraryFinder/CORE]: Forge patches at /workspaces/23/servidor_minecraft/libraries/net/minecraftforge/forge/1.16.5-36.2.42/forge-1.16.5-36.2.42-server.jar is present
[10Apr2025 04:01:41.970] [main/DEBUG] [net.minecraftforge.fml.loading.LanguageLoadingProvider/CORE]: Found 0 language providers
[10Apr2025 04:01:41.972] [main/DEBUG] [net.minecraftforge.fml.loading.LanguageLoadingProvider/CORE]: Adding forge as a language from /workspaces/23/servidor_minecraft/libraries/net/minecraftforge/forge/1.16.5-36.2.42/forge-1.16.5-36.2.42-universal.jar
[10Apr2025 04:01:41.975] [main/DEBUG] [net.minecraftforge.fml.loading.LanguageLoadingProvider/CORE]: Adding file:/workspaces/23/servidor_minecraft/libraries/net/minecraftforge/forge/1.16.5-36.2.42/forge-1.16.5-36.2.42-universal.jar to languageloader classloader
[10Apr2025 04:01:42.088] [main/DEBUG] [net.minecraftforge.fml.loading.LanguageLoadingProvider/CORE]: Found 2 language providers
[10Apr2025 04:01:42.090] [main/DEBUG] [net.minecraftforge.fml.loading.LanguageLoadingProvider/CORE]: Found language provider javafml, version 36.2
[10Apr2025 04:01:42.101] [main/DEBUG] [net.minecraftforge.fml.loading.LanguageLoadingProvider/CORE]: Found language provider minecraft, version 1
[10Apr2025 04:01:42.105] [main/DEBUG] [cpw.mods.modlauncher.TransformationServiceDecorator/MODLAUNCHER]: Initialized transformation service fml
[10Apr2025 04:01:42.106] [main/DEBUG] [cpw.mods.modlauncher.NameMappingServiceHandler/MODLAUNCHER]: Current naming domain is 'srg'
[10Apr2025 04:01:42.107] [main/DEBUG] [cpw.mods.modlauncher.NameMappingServiceHandler/MODLAUNCHER]: Identified name mapping providers {}
[10Apr2025 04:01:42.107] [main/DEBUG] [cpw.mods.modlauncher.TransformationServicesHandler/MODLAUNCHER]: Transformation services begin scanning
[10Apr2025 04:01:42.108] [main/DEBUG] [cpw.mods.modlauncher.TransformationServiceDecorator/MODLAUNCHER]: Beginning scan trigger - transformation service mixin
[10Apr2025 04:01:42.108] [main/DEBUG] [cpw.mods.modlauncher.TransformationServiceDecorator/MODLAUNCHER]: End scan trigger - transformation service mixin
[10Apr2025 04:01:42.109] [main/DEBUG] [cpw.mods.modlauncher.TransformationServiceDecorator/MODLAUNCHER]: Beginning scan trigger - transformation service fml
[10Apr2025 04:01:42.109] [main/DEBUG] [net.minecraftforge.fml.loading.FMLServiceProvider/CORE]: Initiating mod scan
[10Apr2025 04:01:42.140] [main/DEBUG] [net.minecraftforge.fml.loading.moddiscovery.ModListHandler/CORE]: Found mod coordinates from lists: []
[10Apr2025 04:01:42.208] [main/DEBUG] [net.minecraftforge.fml.loading.moddiscovery.ModDiscoverer/CORE]: Found Mod Locators : (mods folder:null),(maven libs:null),(exploded directory:null),(minecraft:null)
[10Apr2025 04:01:42.379] [main/DEBUG] [net.minecraftforge.fml.loading.moddiscovery.ModFileParser/LOADING]: Considering mod file candidate /workspaces/23/servidor_minecraft/mods/[1.16.5] SecurityCraft v1.9.12.1.jar
[10Apr2025 04:01:42.448] [main/DEBUG] [net.minecraftforge.fml.loading.moddiscovery.ModFileInfo/LOADING]: Found valid mod file [1.16.5] SecurityCraft v1.9.12.1.jar with {securitycraft} mods - versions {v1.9.12.1}
[10Apr2025 04:01:42.454] [main/DEBUG] [net.minecraftforge.fml.loading.moddiscovery.ModFile/LOADING]: Loading mod file /workspaces/23/servidor_minecraft/mods/[1.16.5] SecurityCraft v1.9.12.1.jar with language javafml
[10Apr2025 04:01:42.456] [main/DEBUG] [net.minecraftforge.fml.loading.moddiscovery.ModFileParser/LOADING]: Considering mod file candidate /workspaces/23/servidor_minecraft/mods/AI-Improvements-1.16.5-0.5.0.jar
[10Apr2025 04:01:42.459] [main/DEBUG] [net.minecraftforge.fml.loading.moddiscovery.ModFileInfo/LOADING]: Found valid mod file AI-Improvements-1.16.5-0.5.0.jar with {aiimprovements} mods - versions {0.4.0}
[10Apr2025 04:01:42.462] [main/DEBUG] [net.minecraftforge.fml.loading.moddiscovery.ModFile/LOADING]: Loading mod file /workspaces/23/servidor_minecraft/mods/AI-Improvements-1.16.5-0.5.0.jar with language javafml
[10Apr2025 04:01:42.462] [main/DEBUG] [net.minecraftforge.fml.loading.moddiscovery.ModFileParser/LOADING]: Considering mod file candidate /workspaces/23/servidor_minecraft/mods/alexsmobs-1.12.1.jar
[10Apr2025 04:01:42.464] [main/DEBUG] [net.minecraftforge.fml.loading.moddiscovery.ModFileInfo/LOADING]: Found valid mod file alexsmobs-1.12.1.jar with {alexsmobs} mods - versions {1.12.1}
[10Apr2025 04:01:42.467] [main/DEBUG] [net.minecraftforge.fml.loading.moddiscovery.ModFile/LOADING]: Loading mod file /workspaces/23/servidor_minecraft/mods/alexsmobs-1.12.1.jar with language javafml
[10Apr2025 04:01:42.468] [main/DEBUG] [net.minecraftforge.fml.loading.moddiscovery.ModFileParser/LOADING]: Considering mod file candidate /workspaces/23/servidor_minecraft/mods/Aquaculture-1.16.5-2.1.23.jar
[10Apr2025 04:01:42.477] [main/DEBUG] [net.minecraftforge.fml.loading.moddiscovery.ModFileInfo/LOADING]: Found valid mod file Aquaculture-1.16.5-2.1.23.jar with {aquaculture} mods - versions {1.16.5-2.1.23}
[10Apr2025 04:01:42.478] [main/DEBUG] [net.minecraftforge.fml.loading.moddiscovery.ModFile/LOADING]: Loading mod file /workspaces/23/servidor_minecraft/mods/Aquaculture-1.16.5-2.1.23.jar with language javafml
[10Apr2025 04:01:42.478] [main/DEBUG] [net.minecraftforge.fml.loading.moddiscovery.ModFileParser/LOADING]: Considering mod file candidate /workspaces/23/servidor_minecraft/mods/Artifacts-1.16.5-2.10.5.jar
[10Apr2025 04:01:42.483] [main/DEBUG] [net.minecraftforge.fml.loading.moddiscovery.ModFileInfo/LOADING]: Found valid mod file Artifacts-1.16.5-2.10.5.jar with {artifacts} mods - versions {1.16.5-2.10.5}
[10Apr2025 04:01:42.486] [main/DEBUG] [net.minecraftforge.fml.loading.moddiscovery.ModFile/LOADING]: Loading mod file /workspaces/23/servidor_minecraft/mods/Artifacts-1.16.5-2.10.5.jar with language javafml
[10Apr2025 04:01:42.486] [main/DEBUG] [net.minecraftforge.fml.loading.moddiscovery.ModFileParser/LOADING]: Considering mod file candidate /workspaces/23/servidor_minecraft/mods/BrassAmberBattleTowers-1.16.5-1.6.3.jar
[10Apr2025 04:01:42.491] [main/DEBUG] [net.minecraftforge.fml.loading.moddiscovery.ModFileInfo/LOADING]: Found valid mod file BrassAmberBattleTowers-1.16.5-1.6.3.jar with {ba_bt} mods - versions {1.16.5-1.6.3}
[10Apr2025 04:01:42.492] [main/DEBUG] [net.minecraftforge.fml.loading.moddiscovery.ModFile/LOADING]: Loading mod file /workspaces/23/servidor_minecraft/mods/BrassAmberBattleTowers-1.16.5-1.6.3.jar with language javafml
[10Apr2025 04:01:42.495] [main/DEBUG] [net.minecraftforge.fml.loading.moddiscovery.ModFileParser/LOADING]: Considering mod file candidate /workspaces/23/servidor_minecraft/mods/brutalbosses-4.7.jar
[10Apr2025 04:01:42.498] [main/DEBUG] [net.minecraftforge.fml.loading.moddiscovery.ModFileInfo/LOADING]: Found valid mod file brutalbosses-4.7.jar with {brutalbosses} mods - versions {4.7}
[10Apr2025 04:01:42.501] [main/DEBUG] [net.minecraftforge.fml.loading.moddiscovery.ModFile/LOADING]: Loading mod file /workspaces/23/servidor_minecraft/mods/brutalbosses-4.7.jar with language javafml
[10Apr2025 04:01:42.502] [main/DEBUG] [net.minecraftforge.fml.loading.moddiscovery.ModFileParser/LOADING]: Considering mod file candidate /workspaces/23/servidor_minecraft/mods/caelus-forge-1.16.5-2.1.3.2.jar
[10Apr2025 04:01:42.503] [main/DEBUG] [net.minecraftforge.fml.loading.moddiscovery.ModFileInfo/LOADING]: Found valid mod file caelus-forge-1.16.5-2.1.3.2.jar with {caelus} mods - versions {1.16.5-2.1.3.2}
[10Apr2025 04:01:42.505] [main/DEBUG] [net.minecraftforge.fml.loading.moddiscovery.ModFile/LOADING]: Loading mod file /workspaces/23/servidor_minecraft/mods/caelus-forge-1.16.5-2.1.3.2.jar with language javafml
[10Apr2025 04:01:42.506] [main/DEBUG] [net.minecraftforge.fml.loading.moddiscovery.ModFileParser/LOADING]: Considering mod file candidate /workspaces/23/servidor_minecraft/mods/carryon-1.16.5-1.15.6.24.jar
[10Apr2025 04:01:42.514] [main/DEBUG] [net.minecraftforge.fml.loading.moddiscovery.ModFileInfo/LOADING]: Found valid mod file carryon-1.16.5-1.15.6.24.jar with {carryon} mods - versions {1.15.6.24}
[10Apr2025 04:01:42.517] [main/DEBUG] [net.minecraftforge.fml.loading.moddiscovery.ModFile/LOADING]: Loading mod file /workspaces/23/servidor_minecraft/mods/carryon-1.16.5-1.15.6.24.jar with language javafml
[10Apr2025 04:01:42.519] [main/DEBUG] [net.minecraftforge.fml.loading.moddiscovery.ModFileParser/LOADING]: Considering mod file candidate /workspaces/23/servidor_minecraft/mods/citadel-1.8.1-1.16.5.jar
[10Apr2025 04:01:42.523] [main/DEBUG] [net.minecraftforge.fml.loading.moddiscovery.ModFileInfo/LOADING]: Found valid mod file citadel-1.8.1-1.16.5.jar with {citadel} mods - versions {1.8.1}
[10Apr2025 04:01:42.525] [main/DEBUG] [net.minecraftforge.fml.loading.moddiscovery.ModFile/LOADING]: Loading mod file /workspaces/23/servidor_minecraft/mods/citadel-1.8.1-1.16.5.jar with language javafml
[10Apr2025 04:01:42.526] [main/DEBUG] [net.minecraftforge.fml.loading.moddiscovery.ModFileParser/LOADING]: Considering mod file candidate /workspaces/23/servidor_minecraft/mods/collective-1.16.5-5.49.jar
[10Apr2025 04:01:42.529] [main/DEBUG] [net.minecraftforge.fml.loading.moddiscovery.ModFileInfo/LOADING]: Found valid mod file collective-1.16.5-5.49.jar with {collective} mods - versions {5.49}
[10Apr2025 04:01:42.531] [main/DEBUG] [net.minecraftforge.fml.loading.moddiscovery.ModFile/LOADING]: Loading mod file /workspaces/23/servidor_minecraft/mods/collective-1.16.5-5.49.jar with language javafml
[10Apr2025 04:01:42.532] [main/DEBUG] [net.minecraftforge.fml.loading.moddiscovery.ModFileParser/LOADING]: Considering mod file candidate /workspaces/23/servidor_minecraft/mods/CosmeticArmorReworked-1.16.5-v1b.jar
[10Apr2025 04:01:42.534] [main/DEBUG] [net.minecraftforge.fml.loading.moddiscovery.ModFileInfo/LOADING]: Found valid mod file CosmeticArmorReworked-1.16.5-v1b.jar with {cosmeticarmorreworked} mods - versions {1.16.5-v1b}
[10Apr2025 04:01:42.538] [main/DEBUG] [net.minecraftforge.fml.loading.moddiscovery.ModFile/LOADING]: Loading mod file /workspaces/23/servidor_minecraft/mods/CosmeticArmorReworked-1.16.5-v1b.jar with language javafml
[10Apr2025 04:01:42.538] [main/DEBUG] [net.minecraftforge.fml.loading.moddiscovery.ModFileParser/LOADING]: Considering mod file candidate /workspaces/23/servidor_minecraft/mods/CraftTweaker-1.16.5-7.1.2.527.jar
[10Apr2025 04:01:42.546] [main/DEBUG] [net.minecraftforge.fml.loading.moddiscovery.ModFileInfo/LOADING]: Found valid mod file CraftTweaker-1.16.5-7.1.2.527.jar with {crafttweaker} mods - versions {7.1.2.527}
[10Apr2025 04:01:42.550] [main/DEBUG] [net.minecraftforge.fml.loading.moddiscovery.ModFile/LOADING]: Loading mod file /workspaces/23/servidor_minecraft/mods/CraftTweaker-1.16.5-7.1.2.527.jar with language javafml
[10Apr2025 04:01:42.552] [main/DEBUG] [net.minecraftforge.fml.loading.moddiscovery.ModFileParser/LOADING]: Considering mod file candidate /workspaces/23/servidor_minecraft/mods/create-mc1.16.5_v0.3.2g.jar
[10Apr2025 04:01:42.554] [main/DEBUG] [net.minecraftforge.fml.loading.moddiscovery.ModFileInfo/LOADING]: Found valid mod file create-mc1.16.5_v0.3.2g.jar with {create} mods - versions {v0.3.2g}
[10Apr2025 04:01:42.559] [main/DEBUG] [net.minecraftforge.fml.loading.moddiscovery.ModFile/LOADING]: Loading mod file /workspaces/23/servidor_minecraft/mods/create-mc1.16.5_v0.3.2g.jar with language javafml
[10Apr2025 04:01:42.563] [main/DEBUG] [net.minecraftforge.fml.loading.moddiscovery.ModFileParser/LOADING]: Considering mod file candidate /workspaces/23/servidor_minecraft/mods/curios-forge-1.16.5-4.1.0.0.jar
[10Apr2025 04:01:42.565] [main/DEBUG] [net.minecraftforge.fml.loading.moddiscovery.ModFileInfo/LOADING]: Found valid mod file curios-forge-1.16.5-4.1.0.0.jar with {curios} mods - versions {1.16.5-4.1.0.0}
[10Apr2025 04:01:42.567] [main/DEBUG] [net.minecraftforge.fml.loading.moddiscovery.ModFile/LOADING]: Loading mod file /workspaces/23/servidor_minecraft/mods/curios-forge-1.16.5-4.1.0.0.jar with language javafml
[10Apr2025 04:01:42.569] [main/DEBUG] [net.minecraftforge.fml.loading.moddiscovery.ModFileParser/LOADING]: Considering mod file candidate /workspaces/23/servidor_minecraft/mods/curiouselytra-forge-1.16.5-4.0.2.4.jar
[10Apr2025 04:01:42.572] [main/DEBUG] [net.minecraftforge.fml.loading.moddiscovery.ModFileInfo/LOADING]: Found valid mod file curiouselytra-forge-1.16.5-4.0.2.4.jar with {curiouselytra} mods - versions {1.16.5-4.0.2.4}
[10Apr2025 04:01:42.575] [main/DEBUG] [net.minecraftforge.fml.loading.moddiscovery.ModFile/LOADING]: Loading mod file /workspaces/23/servidor_minecraft/mods/curiouselytra-forge-1.16.5-4.0.2.4.jar with language javafml
[10Apr2025 04:01:42.575] [main/DEBUG] [net.minecraftforge.fml.loading.moddiscovery.ModFileParser/LOADING]: Considering mod file candidate /workspaces/23/servidor_minecraft/mods/DungeonCrawl-1.16.5-2.3.12.jar
[10Apr2025 04:01:42.577] [main/DEBUG] [net.minecraftforge.fml.loading.moddiscovery.ModFileInfo/LOADING]: Found valid mod file DungeonCrawl-1.16.5-2.3.12.jar with {dungeoncrawl} mods - versions {2.3.12}
[10Apr2025 04:01:42.578] [main/DEBUG] [net.minecraftforge.fml.loading.moddiscovery.ModFile/LOADING]: Loading mod file /workspaces/23/servidor_minecraft/mods/DungeonCrawl-1.16.5-2.3.12.jar with language javafml
[10Apr2025 04:01:42.579] [main/DEBUG] [net.minecraftforge.fml.loading.moddiscovery.ModFileParser/LOADING]: Considering mod file candidate /workspaces/23/servidor_minecraft/mods/dungeons_enhanced-1.16.5-1.8.2.jar
[10Apr2025 04:01:42.581] [main/DEBUG] [net.minecraftforge.fml.loading.moddiscovery.ModFileInfo/LOADING]: Found valid mod file dungeons_enhanced-1.16.5-1.8.2.jar with {dungeons_enhanced} mods - versions {1.8.2}
[10Apr2025 04:01:42.583] [main/DEBUG] [net.minecraftforge.fml.loading.moddiscovery.ModFile/LOADING]: Loading mod file /workspaces/23/servidor_minecraft/mods/dungeons_enhanced-1.16.5-1.8.2.jar with language javafml
[10Apr2025 04:01:42.584] [main/DEBUG] [net.minecraftforge.fml.loading.moddiscovery.ModFileParser/LOADING]: Considering mod file candidate /workspaces/23/servidor_minecraft/mods/dungeons_gear-1.16.5-3.2.7.jar
[10Apr2025 04:01:42.589] [main/DEBUG] [net.minecraftforge.fml.loading.moddiscovery.ModFileInfo/LOADING]: Found valid mod file dungeons_gear-1.16.5-3.2.7.jar with {dungeons_gear} mods - versions {1.16.5-3.2.7}
[10Apr2025 04:01:42.592] [main/DEBUG] [net.minecraftforge.fml.loading.moddiscovery.ModFile/LOADING]: Loading mod file /workspaces/23/servidor_minecraft/mods/dungeons_gear-1.16.5-3.2.7.jar with language javafml
[10Apr2025 04:01:42.592] [main/DEBUG] [net.minecraftforge.fml.loading.moddiscovery.ModFileParser/LOADING]: Considering mod file candidate /workspaces/23/servidor_minecraft/mods/dungeons_libraries-1.16.5-1.0.6.jar
[10Apr2025 04:01:42.596] [main/DEBUG] [net.minecraftforge.fml.loading.moddiscovery.ModFileInfo/LOADING]: Found valid mod file dungeons_libraries-1.16.5-1.0.6.jar with {dungeons_libraries} mods - versions {1.16.5-1.0.6}
[10Apr2025 04:01:42.600] [main/DEBUG] [net.minecraftforge.fml.loading.moddiscovery.ModFile/LOADING]: Loading mod file /workspaces/23/servidor_minecraft/mods/dungeons_libraries-1.16.5-1.0.6.jar with language javafml
[10Apr2025 04:01:42.601] [main/DEBUG] [net.minecraftforge.fml.loading.moddiscovery.ModFileParser/LOADING]: Considering mod file candidate /workspaces/23/servidor_minecraft/mods/dungeons_plus-1.16.5-1.1.5.jar
[10Apr2025 04:01:42.605] [main/DEBUG] [net.minecraftforge.fml.loading.moddiscovery.ModFileInfo/LOADING]: Found valid mod file dungeons_plus-1.16.5-1.1.5.jar with {dungeons_plus} mods - versions {1.1.5}
[10Apr2025 04:01:42.605] [main/DEBUG] [net.minecraftforge.fml.loading.moddiscovery.ModFile/LOADING]: Loading mod file /workspaces/23/servidor_minecraft/mods/dungeons_plus-1.16.5-1.1.5.jar with language javafml
[10Apr2025 04:01:42.606] [main/DEBUG] [net.minecraftforge.fml.loading.moddiscovery.ModFileParser/LOADING]: Considering mod file candidate /workspaces/23/servidor_minecraft/mods/DungeonsArise-1.16.5-2.1.49-beta.jar
[10Apr2025 04:01:42.608] [main/DEBUG] [net.minecraftforge.fml.loading.moddiscovery.ModFileInfo/LOADING]: Found valid mod file DungeonsArise-1.16.5-2.1.49-beta.jar with {dungeons_arise} mods - versions {2.1.49}
[10Apr2025 04:01:42.611] [main/DEBUG] [net.minecraftforge.fml.loading.moddiscovery.ModFile/LOADING]: Loading mod file /workspaces/23/servidor_minecraft/mods/DungeonsArise-1.16.5-2.1.49-beta.jar with language javafml
[10Apr2025 04:01:42.614] [main/DEBUG] [net.minecraftforge.fml.loading.moddiscovery.ModFileParser/LOADING]: Considering mod file candidate /workspaces/23/servidor_minecraft/mods/expandability-2.0.1-forge.jar
[10Apr2025 04:01:42.615] [main/DEBUG] [net.minecraftforge.fml.loading.moddiscovery.ModFileInfo/LOADING]: Found valid mod file expandability-2.0.1-forge.jar with {expandability} mods - versions {2.0.1}
[10Apr2025 04:01:42.618] [main/DEBUG] [net.minecraftforge.fml.loading.moddiscovery.ModFile/LOADING]: Loading mod file /workspaces/23/servidor_minecraft/mods/expandability-2.0.1-forge.jar with language javafml
[10Apr2025 04:01:42.619] [main/DEBUG] [net.minecraftforge.fml.loading.moddiscovery.ModFileParser/LOADING]: Considering mod file candidate /workspaces/23/servidor_minecraft/mods/FallingTree-1.16.5-2.11.6.jar
[10Apr2025 04:01:42.623] [main/DEBUG] [net.minecraftforge.fml.loading.moddiscovery.ModFileInfo/LOADING]: Found valid mod file FallingTree-1.16.5-2.11.6.jar with {fallingtree} mods - versions {2.11.5}
[10Apr2025 04:01:42.626] [main/DEBUG] [net.minecraftforge.fml.loading.moddiscovery.ModFile/LOADING]: Loading mod file /workspaces/23/servidor_minecraft/mods/FallingTree-1.16.5-2.11.6.jar with language javafml
[10Apr2025 04:01:42.626] [main/DEBUG] [net.minecraftforge.fml.loading.moddiscovery.ModFileParser/LOADING]: Considering mod file candidate /workspaces/23/servidor_minecraft/mods/flywheel-1.16-0.2.5.jar
[10Apr2025 04:01:42.628] [main/DEBUG] [net.minecraftforge.fml.loading.moddiscovery.ModFileInfo/LOADING]: Found valid mod file flywheel-1.16-0.2.5.jar with {flywheel} mods - versions {1.16-0.2.5}
[10Apr2025 04:01:42.628] [main/DEBUG] [net.minecraftforge.fml.loading.moddiscovery.ModFile/LOADING]: Loading mod file /workspaces/23/servidor_minecraft/mods/flywheel-1.16-0.2.5.jar with language javafml
[10Apr2025 04:01:42.629] [main/DEBUG] [net.minecraftforge.fml.loading.moddiscovery.ModFileParser/LOADING]: Considering mod file candidate /workspaces/23/servidor_minecraft/mods/geckolib-forge-1.16.5-3.0.106(1).jar
[10Apr2025 04:01:42.632] [main/DEBUG] [net.minecraftforge.fml.loading.moddiscovery.ModFileInfo/LOADING]: Found valid mod file geckolib-forge-1.16.5-3.0.106(1).jar with {geckolib3} mods - versions {3.0.106}
[10Apr2025 04:01:42.634] [main/DEBUG] [net.minecraftforge.fml.loading.moddiscovery.ModFile/LOADING]: Loading mod file /workspaces/23/servidor_minecraft/mods/geckolib-forge-1.16.5-3.0.106(1).jar with language javafml
[10Apr2025 04:01:42.635] [main/DEBUG] [net.minecraftforge.fml.loading.moddiscovery.ModFileParser/LOADING]: Considering mod file candidate /workspaces/23/servidor_minecraft/mods/geckolib-forge-1.16.5-3.0.106.jar
[10Apr2025 04:01:42.638] [main/DEBUG] [net.minecraftforge.fml.loading.moddiscovery.ModFileInfo/LOADING]: Found valid mod file geckolib-forge-1.16.5-3.0.106.jar with {geckolib3} mods - versions {3.0.106}
[10Apr2025 04:01:42.639] [main/DEBUG] [net.minecraftforge.fml.loading.moddiscovery.ModFile/LOADING]: Loading mod file /workspaces/23/servidor_minecraft/mods/geckolib-forge-1.16.5-3.0.106.jar with language javafml
[10Apr2025 04:01:42.639] [main/DEBUG] [net.minecraftforge.fml.loading.moddiscovery.ModFileParser/LOADING]: Considering mod file candidate /workspaces/23/servidor_minecraft/mods/goblintraders-1.7.3-1.16.5.jar
[10Apr2025 04:01:42.640] [main/DEBUG] [net.minecraftforge.fml.loading.moddiscovery.ModFileInfo/LOADING]: Found valid mod file goblintraders-1.7.3-1.16.5.jar with {goblintraders} mods - versions {1.7.3}
[10Apr2025 04:01:42.641] [main/DEBUG] [net.minecraftforge.fml.loading.moddiscovery.ModFile/LOADING]: Loading mod file /workspaces/23/servidor_minecraft/mods/goblintraders-1.7.3-1.16.5.jar with language javafml
[10Apr2025 04:01:42.641] [main/DEBUG] [net.minecraftforge.fml.loading.moddiscovery.ModFileParser/LOADING]: Considering mod file candidate /workspaces/23/servidor_minecraft/mods/iceandfire-2.1.12-1.16.5-patch-1.jar
[10Apr2025 04:01:42.642] [main/DEBUG] [net.minecraftforge.fml.loading.moddiscovery.ModFileInfo/LOADING]: Found valid mod file iceandfire-2.1.12-1.16.5-patch-1.jar with {iceandfire} mods - versions {2.1.12-1.16.5-patch-1}
[10Apr2025 04:01:42.644] [main/DEBUG] [net.minecraftforge.fml.loading.moddiscovery.ModFile/LOADING]: Loading mod file /workspaces/23/servidor_minecraft/mods/iceandfire-2.1.12-1.16.5-patch-1.jar with language javafml
[10Apr2025 04:01:42.644] [main/DEBUG] [net.minecraftforge.fml.loading.moddiscovery.ModFileParser/LOADING]: Considering mod file candidate /workspaces/23/servidor_minecraft/mods/immersive-armors-1.5.1+1.16.5-forge.jar
[10Apr2025 04:01:42.647] [main/DEBUG] [net.minecraftforge.fml.loading.moddiscovery.ModFileInfo/LOADING]: Found valid mod file immersive-armors-1.5.1+1.16.5-forge.jar with {immersive_armors} mods - versions {1.5.1+1.16.5}
[10Apr2025 04:01:42.647] [main/DEBUG] [net.minecraftforge.fml.loading.moddiscovery.ModFile/LOADING]: Loading mod file /workspaces/23/servidor_minecraft/mods/immersive-armors-1.5.1+1.16.5-forge.jar with language javafml
[10Apr2025 04:01:42.648] [main/DEBUG] [net.minecraftforge.fml.loading.moddiscovery.ModFileParser/LOADING]: Considering mod file candidate /workspaces/23/servidor_minecraft/mods/infernalmobs-1.16.2.1.jar
[10Apr2025 04:01:42.652] [main/DEBUG] [net.minecraftforge.fml.loading.moddiscovery.ModFileInfo/LOADING]: Found valid mod file infernalmobs-1.16.2.1.jar with {infernalmobs} mods - versions {1.16.2.1}
[10Apr2025 04:01:42.654] [main/DEBUG] [net.minecraftforge.fml.loading.moddiscovery.ModFile/LOADING]: Loading mod file /workspaces/23/servidor_minecraft/mods/infernalmobs-1.16.2.1.jar with language javafml
[10Apr2025 04:01:42.654] [main/DEBUG] [net.minecraftforge.fml.loading.moddiscovery.ModFileParser/LOADING]: Considering mod file candidate /workspaces/23/servidor_minecraft/mods/infinitetrading_1.16.5-3.0.jar
[10Apr2025 04:01:42.655] [main/DEBUG] [net.minecraftforge.fml.loading.moddiscovery.ModFileInfo/LOADING]: Found valid mod file infinitetrading_1.16.5-3.0.jar with {infinitetrading} mods - versions {3.0}
[10Apr2025 04:01:42.655] [main/DEBUG] [net.minecraftforge.fml.loading.moddiscovery.ModFile/LOADING]: Loading mod file /workspaces/23/servidor_minecraft/mods/infinitetrading_1.16.5-3.0.jar with language javafml
[10Apr2025 04:01:42.656] [main/DEBUG] [net.minecraftforge.fml.loading.moddiscovery.ModFileParser/LOADING]: Considering mod file candidate /workspaces/23/servidor_minecraft/mods/jei-1.16.5-7.8.0.1009.jar
[10Apr2025 04:01:42.658] [main/DEBUG] [net.minecraftforge.fml.loading.moddiscovery.ModFileInfo/LOADING]: Found valid mod file jei-1.16.5-7.8.0.1009.jar with {jei} mods - versions {7.8.0.1009}
[10Apr2025 04:01:42.660] [main/DEBUG] [net.minecraftforge.fml.loading.moddiscovery.ModFile/LOADING]: Loading mod file /workspaces/23/servidor_minecraft/mods/jei-1.16.5-7.8.0.1009.jar with language javafml
[10Apr2025 04:01:42.660] [main/DEBUG] [net.minecraftforge.fml.loading.moddiscovery.ModFileParser/LOADING]: Considering mod file candidate /workspaces/23/servidor_minecraft/mods/mowziesmobs-1.5.27.jar
[10Apr2025 04:01:42.662] [main/DEBUG] [net.minecraftforge.fml.loading.moddiscovery.ModFileInfo/LOADING]: Found valid mod file mowziesmobs-1.5.27.jar with {mowziesmobs} mods - versions {1.5.27}
[10Apr2025 04:01:42.664] [main/DEBUG] [net.minecraftforge.fml.loading.moddiscovery.ModFile/LOADING]: Loading mod file /workspaces/23/servidor_minecraft/mods/mowziesmobs-1.5.27.jar with language javafml
[10Apr2025 04:01:42.665] [main/DEBUG] [net.minecraftforge.fml.loading.moddiscovery.ModFileParser/LOADING]: Considering mod file candidate /workspaces/23/servidor_minecraft/mods/performant-1.16.2-5-4.1m.jar
[10Apr2025 04:01:42.667] [main/DEBUG] [net.minecraftforge.fml.loading.moddiscovery.ModFileInfo/LOADING]: Found valid mod file performant-1.16.2-5-4.1m.jar with {performant} mods - versions {3.73m}
[10Apr2025 04:01:42.668] [main/DEBUG] [net.minecraftforge.fml.loading.moddiscovery.ModFile/LOADING]: Loading mod file /workspaces/23/servidor_minecraft/mods/performant-1.16.2-5-4.1m.jar with language javafml
[10Apr2025 04:01:42.668] [main/DEBUG] [net.minecraftforge.fml.loading.moddiscovery.ModFileParser/LOADING]: Considering mod file candidate /workspaces/23/servidor_minecraft/mods/sons-of-sins-1.16.5-1.0.9.jar
[10Apr2025 04:01:42.670] [main/DEBUG] [net.minecraftforge.fml.loading.moddiscovery.ModFileInfo/LOADING]: Found valid mod file sons-of-sins-1.16.5-1.0.9.jar with {sons_of_sins} mods - versions {1.0.9}
[10Apr2025 04:01:42.671] [main/DEBUG] [net.minecraftforge.fml.loading.moddiscovery.ModFile/LOADING]: Loading mod file /workspaces/23/servidor_minecraft/mods/sons-of-sins-1.16.5-1.0.9.jar with language javafml
[10Apr2025 04:01:42.672] [main/DEBUG] [net.minecraftforge.fml.loading.moddiscovery.ModFileParser/LOADING]: Considering mod file candidate /workspaces/23/servidor_minecraft/mods/sophisticatedbackpacks-1.16.5-3.15.16.669.jar
[10Apr2025 04:01:42.675] [main/DEBUG] [net.minecraftforge.fml.loading.moddiscovery.ModFileInfo/LOADING]: Found valid mod file sophisticatedbackpacks-1.16.5-3.15.16.669.jar with {sophisticatedbackpacks} mods - versions {1.16.5-3.15.16.669}
[10Apr2025 04:01:42.678] [main/DEBUG] [net.minecraftforge.fml.loading.moddiscovery.ModFile/LOADING]: Loading mod file /workspaces/23/servidor_minecraft/mods/sophisticatedbackpacks-1.16.5-3.15.16.669.jar with language javafml
[10Apr2025 04:01:42.679] [main/DEBUG] [net.minecraftforge.fml.loading.moddiscovery.ModFileParser/LOADING]: Considering mod file candidate /workspaces/23/servidor_minecraft/mods/structure_gel-1.16.5-1.7.8.jar
[10Apr2025 04:01:42.681] [main/DEBUG] [net.minecraftforge.fml.loading.moddiscovery.ModFileInfo/LOADING]: Found valid mod file structure_gel-1.16.5-1.7.8.jar with {structure_gel} mods - versions {1.7.8}
[10Apr2025 04:01:42.682] [main/DEBUG] [net.minecraftforge.fml.loading.moddiscovery.ModFile/LOADING]: Loading mod file /workspaces/23/servidor_minecraft/mods/structure_gel-1.16.5-1.7.8.jar with language javafml
[10Apr2025 04:01:42.683] [main/DEBUG] [net.minecraftforge.fml.loading.moddiscovery.ModFileParser/LOADING]: Considering mod file candidate /workspaces/23/servidor_minecraft/mods/tombstone-1.16.5-6.9.6.jar
[10Apr2025 04:01:42.686] [main/DEBUG] [net.minecraftforge.fml.loading.moddiscovery.ModFileInfo/LOADING]: Found valid mod file tombstone-1.16.5-6.9.6.jar with {tombstone} mods - versions {6.9.6}
[10Apr2025 04:01:42.687] [main/DEBUG] [net.minecraftforge.fml.loading.moddiscovery.ModFile/LOADING]: Loading mod file /workspaces/23/servidor_minecraft/mods/tombstone-1.16.5-6.9.6.jar with language javafml
[10Apr2025 04:01:42.688] [main/DEBUG] [net.minecraftforge.fml.loading.moddiscovery.ModFileParser/LOADING]: Considering mod file candidate /workspaces/23/servidor_minecraft/mods/TrashSlot_1.16.3-12.2.1.jar
[10Apr2025 04:01:42.689] [main/DEBUG] [net.minecraftforge.fml.loading.moddiscovery.ModFileInfo/LOADING]: Found valid mod file TrashSlot_1.16.3-12.2.1.jar with {trashslot} mods - versions {12.2.1}
[10Apr2025 04:01:42.690] [main/DEBUG] [net.minecraftforge.fml.loading.moddiscovery.ModFile/LOADING]: Loading mod file /workspaces/23/servidor_minecraft/mods/TrashSlot_1.16.3-12.2.1.jar with language javafml
[10Apr2025 04:01:42.691] [main/DEBUG] [net.minecraftforge.fml.loading.moddiscovery.ModFileParser/LOADING]: Considering mod file candidate /workspaces/23/servidor_minecraft/mods/Waystones_1.16.5-7.6.4.jar
[10Apr2025 04:01:42.692] [main/DEBUG] [net.minecraftforge.fml.loading.moddiscovery.ModFileInfo/LOADING]: Found valid mod file Waystones_1.16.5-7.6.4.jar with {waystones} mods - versions {7.6.4}
[10Apr2025 04:01:42.693] [main/DEBUG] [net.minecraftforge.fml.loading.moddiscovery.ModFile/LOADING]: Loading mod file /workspaces/23/servidor_minecraft/mods/Waystones_1.16.5-7.6.4.jar with language javafml
[10Apr2025 04:01:42.694] [main/DEBUG] [net.minecraftforge.fml.loading.moddiscovery.ModFileParser/LOADING]: Considering mod file candidate /workspaces/23/servidor_minecraft/mods/Xaeros_Minimap_25.2.0_Forge_1.16.5.jar
[10Apr2025 04:01:42.696] [main/DEBUG] [net.minecraftforge.fml.loading.moddiscovery.ModFileInfo/LOADING]: Found valid mod file Xaeros_Minimap_25.2.0_Forge_1.16.5.jar with {xaerominimap} mods - versions {25.2.0}
[10Apr2025 04:01:42.697] [main/DEBUG] [net.minecraftforge.fml.loading.moddiscovery.ModFile/LOADING]: Loading mod file /workspaces/23/servidor_minecraft/mods/Xaeros_Minimap_25.2.0_Forge_1.16.5.jar with language javafml
[10Apr2025 04:01:42.740] [main/DEBUG] [net.minecraftforge.fml.loading.moddiscovery.ModFileParser/LOADING]: Found coremod xaerominimap_core with Javascript path META-INF/xaerominimap_core.js
[10Apr2025 04:01:42.740] [main/DEBUG] [net.minecraftforge.fml.loading.moddiscovery.ModFile/LOADING]: Found coremod META-INF/xaerominimap_core.js
[10Apr2025 04:01:42.740] [main/DEBUG] [net.minecraftforge.fml.loading.moddiscovery.ModFileParser/LOADING]: Considering mod file candidate /workspaces/23/servidor_minecraft/mods/XaerosWorldMap_1.39.4_Forge_1.16.5.jar
[10Apr2025 04:01:42.742] [main/DEBUG] [net.minecraftforge.fml.loading.moddiscovery.ModFileInfo/LOADING]: Found valid mod file XaerosWorldMap_1.39.4_Forge_1.16.5.jar with {xaeroworldmap} mods - versions {1.39.4}
[10Apr2025 04:01:42.744] [main/DEBUG] [net.minecraftforge.fml.loading.moddiscovery.ModFile/LOADING]: Loading mod file /workspaces/23/servidor_minecraft/mods/XaerosWorldMap_1.39.4_Forge_1.16.5.jar with language javafml
[10Apr2025 04:01:42.745] [main/DEBUG] [net.minecraftforge.fml.loading.moddiscovery.ModFileParser/LOADING]: Found coremod xaeroworldmap_core with Javascript path META-INF/xaeroworldmap_core.js
[10Apr2025 04:01:42.745] [main/DEBUG] [net.minecraftforge.fml.loading.moddiscovery.ModFile/LOADING]: Found coremod META-INF/xaeroworldmap_core.js
[10Apr2025 04:01:42.745] [main/DEBUG] [net.minecraftforge.fml.loading.moddiscovery.ModFileParser/LOADING]: Considering mod file candidate /workspaces/23/servidor_minecraft/libraries/net/minecraftforge/forge/1.16.5-36.2.42/forge-1.16.5-36.2.42-universal.jar
[10Apr2025 04:01:42.746] [main/DEBUG] [net.minecraftforge.fml.loading.moddiscovery.ModFileInfo/LOADING]: Found valid mod file forge-1.16.5-36.2.42-universal.jar with {forge} mods - versions {36.2.42}
[10Apr2025 04:01:42.764] [main/DEBUG] [net.minecraftforge.fml.loading.moddiscovery.ModFile/LOADING]: Loading mod file /workspaces/23/servidor_minecraft/libraries/net/minecraftforge/forge/1.16.5-36.2.42/forge-1.16.5-36.2.42-universal.jar with language javafml
[10Apr2025 04:01:42.765] [main/DEBUG] [net.minecraftforge.fml.loading.moddiscovery.ModFileParser/LOADING]: Found coremod fieldtomethodtransformers with Javascript path META-INF/fieldtomethodtransformers.js
[10Apr2025 04:01:42.765] [main/DEBUG] [net.minecraftforge.fml.loading.moddiscovery.ModFileParser/LOADING]: Found coremod field_to_instanceof with Javascript path coremods/field_to_instanceof.js
[10Apr2025 04:01:42.765] [main/DEBUG] [net.minecraftforge.fml.loading.moddiscovery.ModFileParser/LOADING]: Found coremod add_bouncer_method with Javascript path coremods/add_bouncer_method.js
[10Apr2025 04:01:42.766] [main/DEBUG] [net.minecraftforge.fml.loading.moddiscovery.ModFile/LOADING]: Found coremod META-INF/fieldtomethodtransformers.js
[10Apr2025 04:01:42.766] [main/DEBUG] [net.minecraftforge.fml.loading.moddiscovery.ModFile/LOADING]: Found coremod coremods/field_to_instanceof.js
[10Apr2025 04:01:42.766] [main/DEBUG] [net.minecraftforge.fml.loading.moddiscovery.ModFile/LOADING]: Found coremod coremods/add_bouncer_method.js
[10Apr2025 04:01:42.767] [main/DEBUG] [net.minecraftforge.fml.loading.moddiscovery.ModFileParser/LOADING]: Considering mod file candidate /workspaces/23/servidor_minecraft/libraries/net/minecraftforge/forge/1.16.5-36.2.42/forge-1.16.5-36.2.42-server.jar
[10Apr2025 04:01:42.770] [main/DEBUG] [net.minecraftforge.fml.loading.moddiscovery.ModFileInfo/LOADING]: Found valid mod file forge-1.16.5-36.2.42-server.jar with {minecraft} mods - versions {1.16.5}
[10Apr2025 04:01:42.772] [main/DEBUG] [net.minecraftforge.fml.loading.moddiscovery.ModFile/LOADING]: Loading mod file /workspaces/23/servidor_minecraft/libraries/net/minecraftforge/forge/1.16.5-36.2.42/forge-1.16.5-36.2.42-server.jar with language minecraft
[10Apr2025 04:01:42.777] [main/DEBUG] [net.minecraftforge.fml.loading.ModSorter/]: Found 2 mods for first modid geckolib3, selecting most recent based on version data
[10Apr2025 04:01:42.778] [main/DEBUG] [net.minecraftforge.fml.loading.ModSorter/]: Selected file geckolib-forge-1.16.5-3.0.106(1).jar for modid geckolib3 with version 3.0.106
[10Apr2025 04:01:42.789] [main/DEBUG] [net.minecraftforge.fml.loading.ModSorter/LOADING]: Found 82 mod requirements (79 mandatory, 3 optional)
[10Apr2025 04:01:42.792] [main/DEBUG] [net.minecraftforge.fml.loading.ModSorter/LOADING]: Found 0 mod requirements missing (0 mandatory, 0 optional)
[10Apr2025 04:01:43.052] [main/INFO] [STDERR/]: [jdk.nashorn.api.scripting.NashornScriptEngine:<init>:143]: Warning: Nashorn engine is planned to be removed from a future JDK release
[10Apr2025 04:01:43.364] [main/INFO] [STDERR/]: [jdk.nashorn.api.scripting.NashornScriptEngine:<init>:143]: Warning: Nashorn engine is planned to be removed from a future JDK release
[10Apr2025 04:01:43.390] [main/INFO] [STDERR/]: [jdk.nashorn.api.scripting.NashornScriptEngine:<init>:143]: Warning: Nashorn engine is planned to be removed from a future JDK release
[10Apr2025 04:01:43.415] [main/INFO] [STDERR/]: [jdk.nashorn.api.scripting.NashornScriptEngine:<init>:143]: Warning: Nashorn engine is planned to be removed from a future JDK release
[10Apr2025 04:01:43.438] [main/INFO] [STDERR/]: [jdk.nashorn.api.scripting.NashornScriptEngine:<init>:143]: Warning: Nashorn engine is planned to be removed from a future JDK release
[10Apr2025 04:01:44.027] [main/DEBUG] [cpw.mods.modlauncher.TransformationServiceDecorator/MODLAUNCHER]: End scan trigger - transformation service fml
[10Apr2025 04:01:44.031] [main/DEBUG] [cpw.mods.modlauncher.TransformationServicesHandler/MODLAUNCHER]: Transformation services loading transformers
[10Apr2025 04:01:44.032] [main/DEBUG] [cpw.mods.modlauncher.TransformationServiceDecorator/MODLAUNCHER]: Initializing transformers for transformation service mixin
[10Apr2025 04:01:44.035] [main/DEBUG] [cpw.mods.modlauncher.TransformationServiceDecorator/MODLAUNCHER]: Initialized transformers for transformation service mixin
[10Apr2025 04:01:44.036] [main/DEBUG] [cpw.mods.modlauncher.TransformationServiceDecorator/MODLAUNCHER]: Initializing transformers for transformation service fml
[10Apr2025 04:01:44.037] [main/DEBUG] [net.minecraftforge.fml.loading.FMLServiceProvider/CORE]: Loading coremod transformers
[10Apr2025 04:01:44.039] [main/DEBUG] [net.minecraftforge.coremod.CoreModEngine/COREMOD]: Loading CoreMod from META-INF/xaerominimap_core.js
[10Apr2025 04:01:45.575] [main/DEBUG] [net.minecraftforge.coremod.CoreModEngine/COREMOD]: CoreMod loaded successfully
[10Apr2025 04:01:45.581] [main/DEBUG] [net.minecraftforge.coremod.CoreModEngine/COREMOD]: Loading CoreMod from META-INF/xaeroworldmap_core.js
[10Apr2025 04:01:46.233] [main/DEBUG] [net.minecraftforge.coremod.CoreModEngine/COREMOD]: CoreMod loaded successfully
[10Apr2025 04:01:46.236] [main/DEBUG] [net.minecraftforge.coremod.CoreModEngine/COREMOD]: Loading CoreMod from META-INF/fieldtomethodtransformers.js
[10Apr2025 04:01:46.267] [main/DEBUG] [net.minecraftforge.coremod.CoreModEngine/COREMOD]: CoreMod loaded successfully
[10Apr2025 04:01:46.271] [main/DEBUG] [net.minecraftforge.coremod.CoreModEngine/COREMOD]: Loading CoreMod from coremods/field_to_instanceof.js
[10Apr2025 04:01:46.638] [main/DEBUG] [net.minecraftforge.coremod.CoreModEngine/COREMOD]: CoreMod loaded successfully
[10Apr2025 04:01:46.639] [main/DEBUG] [net.minecraftforge.coremod.CoreModEngine/COREMOD]: Loading CoreMod from coremods/add_bouncer_method.js
[10Apr2025 04:01:46.951] [main/DEBUG] [net.minecraftforge.coremod.CoreModEngine/COREMOD]: CoreMod loaded successfully
[10Apr2025 04:01:46.969] [main/DEBUG] [cpw.mods.modlauncher.TransformStore/MODLAUNCHER]: Adding transformer net.minecraftforge.coremod.transformer.CoreModMethodTransformer@2519026b to Target : METHOD {Lnet/minecraft/client/network/play/ClientPlayNetHandler;} {func_147234_a} {(Lnet/minecraft/network/play/server/SChangeBlockPacket;)V}
[10Apr2025 04:01:46.973] [main/DEBUG] [cpw.mods.modlauncher.TransformStore/MODLAUNCHER]: Adding transformer net.minecraftforge.coremod.transformer.CoreModMethodTransformer@570ba13 to Target : METHOD {Lnet/minecraft/client/network/play/ClientPlayNetHandler;} {func_147287_a} {(Lnet/minecraft/network/play/server/SMultiBlockChangePacket;)V}
[10Apr2025 04:01:46.975] [main/DEBUG] [cpw.mods.modlauncher.TransformStore/MODLAUNCHER]: Adding transformer net.minecraftforge.coremod.transformer.CoreModMethodTransformer@37a9b687 to Target : METHOD {Lnet/minecraft/client/network/play/ClientPlayNetHandler;} {func_147263_a} {(Lnet/minecraft/network/play/server/SChunkDataPacket;)V}
[10Apr2025 04:01:46.976] [main/DEBUG] [cpw.mods.modlauncher.TransformStore/MODLAUNCHER]: Adding transformer net.minecraftforge.coremod.transformer.CoreModMethodTransformer@525b1b70 to Target : METHOD {Lnet/minecraft/client/network/play/ClientPlayNetHandler;} {func_230488_a_} {(Lnet/minecraft/network/play/server/SWorldSpawnChangedPacket;)V}
[10Apr2025 04:01:46.976] [main/DEBUG] [cpw.mods.modlauncher.TransformStore/MODLAUNCHER]: Adding transformer net.minecraftforge.coremod.transformer.CoreModMethodTransformer@16d07cf3 to Target : METHOD {Lnet/minecraft/client/entity/player/AbstractClientPlayerEntity;} {func_110303_q} {()Lnet/minecraft/util/ResourceLocation;}
[10Apr2025 04:01:46.977] [main/DEBUG] [cpw.mods.modlauncher.TransformStore/MODLAUNCHER]: Adding transformer net.minecraftforge.coremod.transformer.CoreModMethodTransformer@16f0ec18 to Target : METHOD {Lnet/minecraft/entity/player/PlayerEntity;} {func_175148_a} {(Lnet/minecraft/entity/player/PlayerModelPart;)Z}
[10Apr2025 04:01:46.979] [main/DEBUG] [cpw.mods.modlauncher.TransformStore/MODLAUNCHER]: Adding transformer net.minecraftforge.coremod.transformer.CoreModMethodTransformer@6c977dcf to Target : METHOD {Lnet/minecraft/client/network/play/ClientPlayNetHandler;} {func_147282_a} {(Lnet/minecraft/network/play/server/SJoinGamePacket;)V}
[10Apr2025 04:01:46.980] [main/DEBUG] [cpw.mods.modlauncher.TransformStore/MODLAUNCHER]: Adding transformer net.minecraftforge.coremod.transformer.CoreModMethodTransformer@661d6bb6 to Target : METHOD {Lnet/minecraft/client/network/play/ClientPlayNetHandler;} {func_147296_c} {()V}
[10Apr2025 04:01:46.980] [main/DEBUG] [cpw.mods.modlauncher.TransformStore/MODLAUNCHER]: Adding transformer net.minecraftforge.coremod.transformer.CoreModMethodTransformer@733fb462 to Target : METHOD {Lnet/minecraft/client/entity/player/ClientPlayerEntity;} {func_71004_bE} {()V}
[10Apr2025 04:01:46.980] [main/DEBUG] [cpw.mods.modlauncher.TransformStore/MODLAUNCHER]: Adding transformer net.minecraftforge.coremod.transformer.CoreModMethodTransformer@623e0631 to Target : METHOD {Lnet/minecraft/server/management/PlayerList;} {func_72354_b} {(Lnet/minecraft/entity/player/ServerPlayerEntity;Lnet/minecraft/world/server/ServerWorld;)V}
[10Apr2025 04:01:46.980] [main/DEBUG] [cpw.mods.modlauncher.TransformStore/MODLAUNCHER]: Adding transformer net.minecraftforge.coremod.transformer.CoreModMethodTransformer@359066bc to Target : METHOD {Lnet/minecraftforge/client/gui/ForgeIngameGui;} {func_238445_a_} {(Lcom/mojang/blaze3d/matrix/MatrixStack;F)V}
[10Apr2025 04:01:46.981] [main/DEBUG] [cpw.mods.modlauncher.TransformStore/MODLAUNCHER]: Adding transformer net.minecraftforge.coremod.transformer.CoreModMethodTransformer@385dfb63 to Target : METHOD {Lnet/minecraft/client/gui/overlay/BossOverlayGui;} {func_238484_a_} {(Lcom/mojang/blaze3d/matrix/MatrixStack;)V}
[10Apr2025 04:01:46.982] [main/DEBUG] [cpw.mods.modlauncher.TransformStore/MODLAUNCHER]: Adding transformer net.minecraftforge.coremod.transformer.CoreModMethodTransformer@364fd4ae to Target : METHOD {Lnet/minecraft/client/renderer/entity/model/SegmentedModel;} {func_225598_a_} {(Lcom/mojang/blaze3d/matrix/MatrixStack;Lcom/mojang/blaze3d/vertex/IVertexBuilder;IIFFFF)V}
[10Apr2025 04:01:46.982] [main/DEBUG] [cpw.mods.modlauncher.TransformStore/MODLAUNCHER]: Adding transformer net.minecraftforge.coremod.transformer.CoreModMethodTransformer@245253d8 to Target : METHOD {Lnet/minecraft/client/renderer/entity/model/AgeableModel;} {func_225598_a_} {(Lcom/mojang/blaze3d/matrix/MatrixStack;Lcom/mojang/blaze3d/vertex/IVertexBuilder;IIFFFF)V}
[10Apr2025 04:01:46.982] [main/DEBUG] [cpw.mods.modlauncher.TransformStore/MODLAUNCHER]: Adding transformer net.minecraftforge.coremod.transformer.CoreModMethodTransformer@12417468 to Target : METHOD {Lnet/minecraft/client/renderer/entity/model/LlamaModel;} {func_225598_a_} {(Lcom/mojang/blaze3d/matrix/MatrixStack;Lcom/mojang/blaze3d/vertex/IVertexBuilder;IIFFFF)V}
[10Apr2025 04:01:46.982] [main/DEBUG] [cpw.mods.modlauncher.TransformStore/MODLAUNCHER]: Adding transformer net.minecraftforge.coremod.transformer.CoreModMethodTransformer@459003a0 to Target : METHOD {Lnet/minecraft/client/renderer/entity/model/RabbitModel;} {func_225598_a_} {(Lcom/mojang/blaze3d/matrix/MatrixStack;Lcom/mojang/blaze3d/vertex/IVertexBuilder;IIFFFF)V}
[10Apr2025 04:01:46.982] [main/DEBUG] [cpw.mods.modlauncher.TransformStore/MODLAUNCHER]: Adding transformer net.minecraftforge.coremod.transformer.CoreModMethodTransformer@d325518 to Target : METHOD {Lnet/minecraft/client/renderer/entity/EnderDragonRenderer$EnderDragonModel;} {func_225598_a_} {(Lcom/mojang/blaze3d/matrix/MatrixStack;Lcom/mojang/blaze3d/vertex/IVertexBuilder;IIFFFF)V}
[10Apr2025 04:01:46.983] [main/DEBUG] [cpw.mods.modlauncher.TransformStore/MODLAUNCHER]: Adding transformer net.minecraftforge.coremod.transformer.CoreModMethodTransformer@3b481bf5 to Target : METHOD {Lnet/minecraft/client/renderer/model/ModelRenderer;} {func_228306_a_} {(Lcom/mojang/blaze3d/matrix/MatrixStack$Entry;Lcom/mojang/blaze3d/vertex/IVertexBuilder;IIFFFF)V}
[10Apr2025 04:01:46.983] [main/DEBUG] [cpw.mods.modlauncher.TransformStore/MODLAUNCHER]: Adding transformer net.minecraftforge.coremod.transformer.CoreModMethodTransformer@2233cac0 to Target : METHOD {Lnet/minecraft/world/storage/SaveFormat$LevelSave;} {func_237299_g_} {()V}
[10Apr2025 04:01:46.983] [main/DEBUG] [cpw.mods.modlauncher.TransformStore/MODLAUNCHER]: Adding transformer net.minecraftforge.coremod.transformer.CoreModMethodTransformer@67fb5025 to Target : METHOD {Lnet/minecraft/client/settings/ToggleableKeyBinding;} {func_151470_d} {()Z}
[10Apr2025 04:01:46.985] [main/DEBUG] [cpw.mods.modlauncher.TransformStore/MODLAUNCHER]: Adding transformer net.minecraftforge.coremod.transformer.CoreModMethodTransformer@787e4357 to Target : METHOD {Lnet/minecraft/client/network/play/ClientPlayNetHandler;} {func_147234_a} {(Lnet/minecraft/network/play/server/SChangeBlockPacket;)V}
[10Apr2025 04:01:46.985] [main/DEBUG] [cpw.mods.modlauncher.TransformStore/MODLAUNCHER]: Adding transformer net.minecraftforge.coremod.transformer.CoreModMethodTransformer@392781e to Target : METHOD {Lnet/minecraft/client/network/play/ClientPlayNetHandler;} {func_147287_a} {(Lnet/minecraft/network/play/server/SMultiBlockChangePacket;)V}
[10Apr2025 04:01:46.985] [main/DEBUG] [cpw.mods.modlauncher.TransformStore/MODLAUNCHER]: Adding transformer net.minecraftforge.coremod.transformer.CoreModMethodTransformer@3fcbc766 to Target : METHOD {Lnet/minecraft/client/network/play/ClientPlayNetHandler;} {func_147263_a} {(Lnet/minecraft/network/play/server/SChunkDataPacket;)V}
[10Apr2025 04:01:46.985] [main/DEBUG] [cpw.mods.modlauncher.TransformStore/MODLAUNCHER]: Adding transformer net.minecraftforge.coremod.transformer.CoreModMethodTransformer@28cd2c2 to Target : METHOD {Lnet/minecraft/client/network/play/ClientPlayNetHandler;} {func_230488_a_} {(Lnet/minecraft/network/play/server/SWorldSpawnChangedPacket;)V}
[10Apr2025 04:01:46.985] [main/DEBUG] [cpw.mods.modlauncher.TransformStore/MODLAUNCHER]: Adding transformer net.minecraftforge.coremod.transformer.CoreModMethodTransformer@8e25d3f to Target : METHOD {Lnet/minecraft/client/entity/player/AbstractClientPlayerEntity;} {func_110303_q} {()Lnet/minecraft/util/ResourceLocation;}
[10Apr2025 04:01:46.985] [main/DEBUG] [cpw.mods.modlauncher.TransformStore/MODLAUNCHER]: Adding transformer net.minecraftforge.coremod.transformer.CoreModMethodTransformer@18a096b5 to Target : METHOD {Lnet/minecraft/entity/player/PlayerEntity;} {func_175148_a} {(Lnet/minecraft/entity/player/PlayerModelPart;)Z}
[10Apr2025 04:01:46.985] [main/DEBUG] [cpw.mods.modlauncher.TransformStore/MODLAUNCHER]: Adding transformer net.minecraftforge.coremod.transformer.CoreModMethodTransformer@79b18230 to Target : METHOD {Lnet/minecraft/client/network/play/ClientPlayNetHandler;} {func_147282_a} {(Lnet/minecraft/network/play/server/SJoinGamePacket;)V}
[10Apr2025 04:01:46.986] [main/DEBUG] [cpw.mods.modlauncher.TransformStore/MODLAUNCHER]: Adding transformer net.minecraftforge.coremod.transformer.CoreModMethodTransformer@1d4f5506 to Target : METHOD {Lnet/minecraft/client/network/play/ClientPlayNetHandler;} {func_147296_c} {()V}
[10Apr2025 04:01:46.986] [main/DEBUG] [cpw.mods.modlauncher.TransformStore/MODLAUNCHER]: Adding transformer net.minecraftforge.coremod.transformer.CoreModMethodTransformer@7dee835 to Target : METHOD {Lnet/minecraft/server/management/PlayerList;} {func_72354_b} {(Lnet/minecraft/entity/player/ServerPlayerEntity;Lnet/minecraft/world/server/ServerWorld;)V}
[10Apr2025 04:01:46.986] [main/DEBUG] [cpw.mods.modlauncher.TransformStore/MODLAUNCHER]: Adding transformer net.minecraftforge.coremod.transformer.CoreModMethodTransformer@1b57c345 to Target : METHOD {Lnet/minecraft/world/storage/SaveFormat$LevelSave;} {func_237299_g_} {()V}
[10Apr2025 04:01:46.988] [main/DEBUG] [cpw.mods.modlauncher.TransformStore/MODLAUNCHER]: Adding transformer net.minecraftforge.coremod.transformer.CoreModMethodTransformer@6e02721d to Target : METHOD {Lnet/minecraft/client/Minecraft;} {func_195542_b} {(Z)V}
[10Apr2025 04:01:46.988] [main/DEBUG] [cpw.mods.modlauncher.TransformStore/MODLAUNCHER]: Adding transformer net.minecraftforge.coremod.transformer.CoreModMethodTransformer@902fdbe to Target : METHOD {Lnet/minecraft/client/Minecraft;} {func_195542_b} {(Z)V}
[10Apr2025 04:01:46.988] [main/DEBUG] [cpw.mods.modlauncher.TransformStore/MODLAUNCHER]: Adding transformer net.minecraftforge.coremod.transformer.CoreModMethodTransformer@796d33eb to Target : METHOD {Lnet/minecraft/client/entity/player/AbstractClientPlayerEntity;} {func_175156_o} {()F}
[10Apr2025 04:01:46.988] [main/DEBUG] [cpw.mods.modlauncher.TransformStore/MODLAUNCHER]: Adding transformer net.minecraftforge.coremod.transformer.CoreModMethodTransformer@5c059a68 to Target : METHOD {Lnet/minecraft/client/renderer/FirstPersonRenderer;} {func_228396_a_} {(FLcom/mojang/blaze3d/matrix/MatrixStack;Lnet/minecraft/client/renderer/IRenderTypeBuffer$Impl;Lnet/minecraft/client/entity/player/ClientPlayerEntity;I)V}
[10Apr2025 04:01:46.988] [main/DEBUG] [cpw.mods.modlauncher.TransformStore/MODLAUNCHER]: Adding transformer net.minecraftforge.coremod.transformer.CoreModMethodTransformer@21ea996f to Target : METHOD {Lnet/minecraft/client/renderer/entity/model/SkeletonModel;} {func_212843_a_} {(Lnet/minecraft/entity/MobEntity;FFF)V}
[10Apr2025 04:01:46.989] [main/DEBUG] [cpw.mods.modlauncher.TransformStore/MODLAUNCHER]: Adding transformer net.minecraftforge.coremod.transformer.CoreModMethodTransformer@3f9b7fe1 to Target : METHOD {Lnet/minecraft/client/renderer/entity/model/SkeletonModel;} {func_225597_a_} {(Lnet/minecraft/entity/MobEntity;FFFFF)V}
[10Apr2025 04:01:46.989] [main/DEBUG] [cpw.mods.modlauncher.TransformStore/MODLAUNCHER]: Adding transformer net.minecraftforge.coremod.transformer.CoreModMethodTransformer@2f79f192 to Target : METHOD {Lnet/minecraft/entity/monster/AbstractSkeletonEntity;} {func_230280_a_} {(Lnet/minecraft/item/ShootableItem;)Z}
[10Apr2025 04:01:46.989] [main/DEBUG] [cpw.mods.modlauncher.TransformStore/MODLAUNCHER]: Adding transformer net.minecraftforge.coremod.transformer.CoreModMethodTransformer@5fdfe8cf to Target : METHOD {Lnet/minecraft/entity/monster/AbstractSkeletonEntity;} {func_85036_m} {()V}
[10Apr2025 04:01:46.989] [main/DEBUG] [cpw.mods.modlauncher.TransformStore/MODLAUNCHER]: Adding transformer net.minecraftforge.coremod.transformer.CoreModMethodTransformer@2a8b33ba to Target : METHOD {Lnet/minecraft/client/renderer/FirstPersonRenderer;} {func_228396_a_} {(FLcom/mojang/blaze3d/matrix/MatrixStack;Lnet/minecraft/client/renderer/IRenderTypeBuffer$Impl;Lnet/minecraft/client/entity/player/ClientPlayerEntity;I)V}
[10Apr2025 04:01:46.989] [main/DEBUG] [cpw.mods.modlauncher.TransformStore/MODLAUNCHER]: Adding transformer net.minecraftforge.coremod.transformer.CoreModMethodTransformer@4e8b357d to Target : METHOD {Lnet/minecraft/client/renderer/FirstPersonRenderer;} {func_228405_a_} {(Lnet/minecraft/client/entity/player/AbstractClientPlayerEntity;FFLnet/minecraft/util/Hand;FLnet/minecraft/item/ItemStack;FLcom/mojang/blaze3d/matrix/MatrixStack;Lnet/minecraft/client/renderer/IRenderTypeBuffer;I)V}
[10Apr2025 04:01:46.989] [main/DEBUG] [cpw.mods.modlauncher.TransformStore/MODLAUNCHER]: Adding transformer net.minecraftforge.coremod.transformer.CoreModMethodTransformer@2e1eb85f to Target : METHOD {Lnet/minecraft/client/renderer/entity/PlayerRenderer;} {func_241741_a_} {(Lnet/minecraft/client/entity/player/AbstractClientPlayerEntity;Lnet/minecraft/util/Hand;)Lnet/minecraft/client/renderer/entity/model/BipedModel$ArmPose;}
[10Apr2025 04:01:46.989] [main/DEBUG] [cpw.mods.modlauncher.TransformStore/MODLAUNCHER]: Adding transformer net.minecraftforge.coremod.transformer.CoreModMethodTransformer@ea7a4c3 to Target : METHOD {Lnet/minecraft/entity/monster/PillagerEntity;} {func_230280_a_} {(Lnet/minecraft/item/ShootableItem;)Z}
[10Apr2025 04:01:46.990] [main/DEBUG] [cpw.mods.modlauncher.TransformStore/MODLAUNCHER]: Adding transformer net.minecraftforge.coremod.transformer.CoreModMethodTransformer@7d42404e to Target : METHOD {Lnet/minecraft/entity/monster/PillagerEntity;} {func_241844_w} {(F)V}
[10Apr2025 04:01:46.992] [main/DEBUG] [cpw.mods.modlauncher.TransformStore/MODLAUNCHER]: Adding transformer net.minecraftforge.coremod.transformer.CoreModMethodTransformer@6af5b246 to Target : METHOD {Lnet/minecraft/entity/monster/piglin/PiglinEntity;} {func_208003_a} {(Lnet/minecraft/item/ItemStack;Lnet/minecraft/item/ItemStack;)Z}
[10Apr2025 04:01:46.992] [main/DEBUG] [cpw.mods.modlauncher.TransformStore/MODLAUNCHER]: Adding transformer net.minecraftforge.coremod.transformer.CoreModMethodTransformer@31723307 to Target : METHOD {Lnet/minecraft/entity/monster/piglin/PiglinEntity;} {func_230280_a_} {(Lnet/minecraft/item/ShootableItem;)Z}
[10Apr2025 04:01:46.992] [main/DEBUG] [cpw.mods.modlauncher.TransformStore/MODLAUNCHER]: Adding transformer net.minecraftforge.coremod.transformer.CoreModMethodTransformer@2401856 to Target : METHOD {Lnet/minecraft/item/CrossbowItem;} {func_220013_l} {(Lnet/minecraft/item/ItemStack;)F}
[10Apr2025 04:01:46.992] [main/DEBUG] [cpw.mods.modlauncher.TransformStore/MODLAUNCHER]: Adding transformer net.minecraftforge.coremod.transformer.CoreModMethodTransformer@6d6f6860 to Target : METHOD {Lnet/minecraft/item/Item;} {func_219970_i} {(Lnet/minecraft/item/ItemStack;)Z}
[10Apr2025 04:01:46.992] [main/DEBUG] [cpw.mods.modlauncher.TransformStore/MODLAUNCHER]: Adding transformer net.minecraftforge.coremod.transformer.CoreModMethodTransformer@2a4f8009 to Target : METHOD {Lnet/minecraft/client/renderer/FirstPersonRenderer;} {func_228405_a_} {(Lnet/minecraft/client/entity/player/AbstractClientPlayerEntity;FFLnet/minecraft/util/Hand;FLnet/minecraft/item/ItemStack;FLcom/mojang/blaze3d/matrix/MatrixStack;Lnet/minecraft/client/renderer/IRenderTypeBuffer;I)V}
[10Apr2025 04:01:46.993] [main/DEBUG] [cpw.mods.modlauncher.TransformStore/MODLAUNCHER]: Adding transformer net.minecraftforge.coremod.transformer.CoreModMethodTransformer@a85644c to Target : METHOD {Lnet/minecraft/entity/item/ItemFrameEntity;} {func_110131_b} {(Lnet/minecraft/item/ItemStack;)V}
[10Apr2025 04:01:46.993] [main/DEBUG] [cpw.mods.modlauncher.TransformStore/MODLAUNCHER]: Adding transformer net.minecraftforge.coremod.transformer.CoreModMethodTransformer@8054fe2 to Target : METHOD {Lnet/minecraft/inventory/container/CartographyContainer$3;} {func_75214_a} {(Lnet/minecraft/item/ItemStack;)Z}
[10Apr2025 04:01:46.993] [main/DEBUG] [cpw.mods.modlauncher.TransformStore/MODLAUNCHER]: Adding transformer net.minecraftforge.coremod.transformer.CoreModMethodTransformer@1e3f0aea to Target : METHOD {Lnet/minecraft/inventory/container/CartographyContainer;} {func_82846_b} {(Lnet/minecraft/entity/player/PlayerEntity;I)Lnet/minecraft/item/ItemStack;}
[10Apr2025 04:01:46.993] [main/DEBUG] [cpw.mods.modlauncher.TransformStore/MODLAUNCHER]: Adding transformer net.minecraftforge.coremod.transformer.CoreModMethodTransformer@48268eec to Target : METHOD {Lnet/minecraft/item/ItemStack;} {func_82840_a} {(Lnet/minecraft/entity/player/PlayerEntity;Lnet/minecraft/client/util/ITooltipFlag;)Ljava/util/List;}
[10Apr2025 04:01:46.993] [main/DEBUG] [cpw.mods.modlauncher.TransformStore/MODLAUNCHER]: Adding transformer net.minecraftforge.coremod.transformer.CoreModMethodTransformer@69a024a0 to Target : METHOD {Lnet/minecraft/client/renderer/entity/FishRenderer;} {func_225623_a_} {(Lnet/minecraft/entity/projectile/FishingBobberEntity;FFLcom/mojang/blaze3d/matrix/MatrixStack;Lnet/minecraft/client/renderer/IRenderTypeBuffer;I)V}
[10Apr2025 04:01:46.993] [main/DEBUG] [cpw.mods.modlauncher.TransformStore/MODLAUNCHER]: Adding transformer net.minecraftforge.coremod.transformer.CoreModMethodTransformer@4bf80c29 to Target : METHOD {Lnet/minecraft/entity/projectile/FishingBobberEntity;} {func_234600_a_} {(Lnet/minecraft/entity/player/PlayerEntity;)Z}
[10Apr2025 04:01:46.994] [main/DEBUG] [cpw.mods.modlauncher.TransformStore/MODLAUNCHER]: Adding transformer net.minecraftforge.coremod.transformer.CoreModMethodTransformer@2d7637e6 to Target : METHOD {Lnet/minecraft/block/BeehiveBlock;} {func_225533_a_} {(Lnet/minecraft/block/BlockState;Lnet/minecraft/world/World;Lnet/minecraft/util/math/BlockPos;Lnet/minecraft/entity/player/PlayerEntity;Lnet/minecraft/util/Hand;Lnet/minecraft/util/math/BlockRayTraceResult;)Lnet/minecraft/util/ActionResultType;}
[10Apr2025 04:01:46.994] [main/DEBUG] [cpw.mods.modlauncher.TransformStore/MODLAUNCHER]: Adding transformer net.minecraftforge.coremod.transformer.CoreModMethodTransformer@515b9d4a to Target : METHOD {Lnet/minecraft/block/PumpkinBlock;} {func_225533_a_} {(Lnet/minecraft/block/BlockState;Lnet/minecraft/world/World;Lnet/minecraft/util/math/BlockPos;Lnet/minecraft/entity/player/PlayerEntity;Lnet/minecraft/util/Hand;Lnet/minecraft/util/math/BlockRayTraceResult;)Lnet/minecraft/util/ActionResultType;}
[10Apr2025 04:01:46.994] [main/DEBUG] [cpw.mods.modlauncher.TransformStore/MODLAUNCHER]: Adding transformer net.minecraftforge.coremod.transformer.CoreModMethodTransformer@39b626e5 to Target : METHOD {Lnet/minecraft/block/TripWireBlock;} {func_176208_a} {(Lnet/minecraft/world/World;Lnet/minecraft/util/math/BlockPos;Lnet/minecraft/block/BlockState;Lnet/minecraft/entity/player/PlayerEntity;)V}
[10Apr2025 04:01:46.994] [main/DEBUG] [cpw.mods.modlauncher.TransformStore/MODLAUNCHER]: Adding transformer net.minecraftforge.coremod.transformer.CoreModMethodTransformer@32a4ecbe to Target : METHOD {Lnet/minecraft/enchantment/EfficiencyEnchantment;} {func_92089_a} {(Lnet/minecraft/item/ItemStack;)Z}
[10Apr2025 04:01:46.994] [main/DEBUG] [cpw.mods.modlauncher.TransformStore/MODLAUNCHER]: Adding transformer net.minecraftforge.coremod.transformer.CoreModMethodTransformer@2e71240b to Target : METHOD {Lnet/minecraft/entity/passive/MooshroomEntity;} {func_230254_b_} {(Lnet/minecraft/entity/player/PlayerEntity;Lnet/minecraft/util/Hand;)Lnet/minecraft/util/ActionResultType;}
[10Apr2025 04:01:46.994] [main/DEBUG] [cpw.mods.modlauncher.TransformStore/MODLAUNCHER]: Adding transformer net.minecraftforge.coremod.transformer.CoreModMethodTransformer@23cd5d42 to Target : METHOD {Lnet/minecraft/entity/passive/SheepEntity;} {func_230254_b_} {(Lnet/minecraft/entity/player/PlayerEntity;Lnet/minecraft/util/Hand;)Lnet/minecraft/util/ActionResultType;}
[10Apr2025 04:01:46.994] [main/DEBUG] [cpw.mods.modlauncher.TransformStore/MODLAUNCHER]: Adding transformer net.minecraftforge.coremod.transformer.CoreModMethodTransformer@2b44d6d0 to Target : METHOD {Lnet/minecraft/entity/passive/SnowGolemEntity;} {func_230254_b_} {(Lnet/minecraft/entity/player/PlayerEntity;Lnet/minecraft/util/Hand;)Lnet/minecraft/util/ActionResultType;}
[10Apr2025 04:01:46.995] [main/DEBUG] [cpw.mods.modlauncher.TransformStore/MODLAUNCHER]: Adding transformer net.minecraftforge.coremod.transformer.CoreModClassTransformer@196624bf to Target : CLASS {Lnet/minecraft/world/chunk/Chunk;} {} {V}
[10Apr2025 04:01:46.995] [main/DEBUG] [cpw.mods.modlauncher.TransformStore/MODLAUNCHER]: Adding transformer net.minecraftforge.coremod.transformer.CoreModClassTransformer@50085d9c to Target : CLASS {Lnet/minecraft/client/network/play/ClientPlayNetHandler;} {} {V}
[10Apr2025 04:01:47.000] [main/DEBUG] [cpw.mods.modlauncher.TransformStore/MODLAUNCHER]: Adding transformer net.minecraftforge.coremod.transformer.CoreModClassTransformer@5df7e31b to Target : CLASS {Lnet/minecraft/client/world/ClientWorld;} {} {V}
[10Apr2025 04:01:47.000] [main/DEBUG] [cpw.mods.modlauncher.TransformStore/MODLAUNCHER]: Adding transformer net.minecraftforge.coremod.transformer.CoreModClassTransformer@63a9c661 to Target : CLASS {Lnet/minecraft/network/play/server/SMultiBlockChangePacket;} {} {V}
[10Apr2025 04:01:47.000] [main/DEBUG] [cpw.mods.modlauncher.TransformStore/MODLAUNCHER]: Adding transformer net.minecraftforge.coremod.transformer.CoreModClassTransformer@4b425577 to Target : CLASS {Lnet/minecraft/server/MinecraftServer;} {} {V}
[10Apr2025 04:01:47.000] [main/DEBUG] [cpw.mods.modlauncher.TransformStore/MODLAUNCHER]: Adding transformer net.minecraftforge.coremod.transformer.CoreModClassTransformer@5934153e to Target : CLASS {Lnet/minecraft/entity/player/ServerPlayerEntity;} {} {V}
[10Apr2025 04:01:47.004] [main/DEBUG] [cpw.mods.modlauncher.TransformStore/MODLAUNCHER]: Adding transformer net.minecraftforge.coremod.transformer.CoreModClassTransformer@3bb9ca38 to Target : CLASS {Lnet/minecraft/client/Minecraft;} {} {V}
[10Apr2025 04:01:47.004] [main/DEBUG] [cpw.mods.modlauncher.TransformStore/MODLAUNCHER]: Adding transformer net.minecraftforge.coremod.transformer.CoreModClassTransformer@160e99e0 to Target : CLASS {Lnet/minecraft/world/chunk/Chunk;} {} {V}
[10Apr2025 04:01:47.004] [main/DEBUG] [cpw.mods.modlauncher.TransformStore/MODLAUNCHER]: Adding transformer net.minecraftforge.coremod.transformer.CoreModClassTransformer@4f3e9fbb to Target : CLASS {Lnet/minecraft/client/network/play/ClientPlayNetHandler;} {} {V}
[10Apr2025 04:01:47.005] [main/DEBUG] [cpw.mods.modlauncher.TransformStore/MODLAUNCHER]: Adding transformer net.minecraftforge.coremod.transformer.CoreModClassTransformer@365afe87 to Target : CLASS {Lnet/minecraft/client/world/ClientWorld;} {} {V}
[10Apr2025 04:01:47.005] [main/DEBUG] [cpw.mods.modlauncher.TransformStore/MODLAUNCHER]: Adding transformer net.minecraftforge.coremod.transformer.CoreModClassTransformer@43471a7e to Target : CLASS {Lnet/minecraft/network/play/server/SMultiBlockChangePacket;} {} {V}
[10Apr2025 04:01:47.006] [main/DEBUG] [cpw.mods.modlauncher.TransformStore/MODLAUNCHER]: Adding transformer net.minecraftforge.coremod.transformer.CoreModClassTransformer@21e45a6f to Target : CLASS {Lnet/minecraft/server/MinecraftServer;} {} {V}
[10Apr2025 04:01:47.006] [main/DEBUG] [cpw.mods.modlauncher.TransformStore/MODLAUNCHER]: Adding transformer net.minecraftforge.coremod.transformer.CoreModClassTransformer@1a1ccaaf to Target : CLASS {Lnet/minecraft/entity/player/ServerPlayerEntity;} {} {V}
[10Apr2025 04:01:47.006] [main/DEBUG] [cpw.mods.modlauncher.TransformStore/MODLAUNCHER]: Adding transformer net.minecraftforge.coremod.transformer.CoreModClassTransformer@7b53b1ad to Target : CLASS {Lnet/minecraft/client/Minecraft;} {} {V}
[10Apr2025 04:01:47.006] [main/DEBUG] [cpw.mods.modlauncher.TransformStore/MODLAUNCHER]: Adding transformer net.minecraftforge.coremod.transformer.CoreModClassTransformer@3cc053 to Target : CLASS {Lnet/minecraft/potion/EffectInstance;} {} {V}
[10Apr2025 04:01:47.006] [main/DEBUG] [cpw.mods.modlauncher.TransformStore/MODLAUNCHER]: Adding transformer net.minecraftforge.coremod.transformer.CoreModClassTransformer@388c519 to Target : CLASS {Lnet/minecraft/block/FlowingFluidBlock;} {} {V}
[10Apr2025 04:01:47.007] [main/DEBUG] [cpw.mods.modlauncher.TransformStore/MODLAUNCHER]: Adding transformer net.minecraftforge.coremod.transformer.CoreModClassTransformer@7fbd3e75 to Target : CLASS {Lnet/minecraft/item/BucketItem;} {} {V}
[10Apr2025 04:01:47.008] [main/DEBUG] [cpw.mods.modlauncher.TransformStore/MODLAUNCHER]: Adding transformer net.minecraftforge.coremod.transformer.CoreModClassTransformer@198536f6 to Target : CLASS {Lnet/minecraft/block/StairsBlock;} {} {V}
[10Apr2025 04:01:47.008] [main/DEBUG] [cpw.mods.modlauncher.TransformStore/MODLAUNCHER]: Adding transformer net.minecraftforge.coremod.transformer.CoreModClassTransformer@7fdd43cd to Target : CLASS {Lnet/minecraft/block/FlowerPotBlock;} {} {V}
[10Apr2025 04:01:47.008] [main/DEBUG] [cpw.mods.modlauncher.TransformStore/MODLAUNCHER]: Adding transformer net.minecraftforge.coremod.transformer.CoreModClassTransformer@3a38f122 to Target : CLASS {Lnet/minecraft/item/FishBucketItem;} {} {V}
[10Apr2025 04:01:47.008] [main/DEBUG] [cpw.mods.modlauncher.TransformStore/MODLAUNCHER]: Adding transformer net.minecraftforge.coremod.transformer.CoreModClassTransformer@2ce03e86 to Target : CLASS {Lnet/minecraft/item/ItemStack;} {} {V}
[10Apr2025 04:01:47.008] [main/DEBUG] [cpw.mods.modlauncher.TransformStore/MODLAUNCHER]: Adding transformer net.minecraftforge.coremod.transformer.CoreModClassTransformer@1c628f6a to Target : CLASS {Lnet/minecraft/network/play/client/CClientSettingsPacket;} {} {V}
[10Apr2025 04:01:47.008] [main/DEBUG] [cpw.mods.modlauncher.TransformStore/MODLAUNCHER]: Adding transformer net.minecraftforge.coremod.transformer.CoreModClassTransformer@9b47400 to Target : CLASS {Lnet/minecraft/util/math/vector/TransformationMatrix;} {} {V}
[10Apr2025 04:01:47.008] [main/DEBUG] [cpw.mods.modlauncher.TransformStore/MODLAUNCHER]: Adding transformer net.minecraftforge.coremod.transformer.CoreModClassTransformer@747835f5 to Target : CLASS {Lnet/minecraft/util/math/vector/TransformationMatrix;} {} {V}
[10Apr2025 04:01:47.009] [main/DEBUG] [cpw.mods.modlauncher.TransformationServiceDecorator/MODLAUNCHER]: Initialized transformers for transformation service fml
[10Apr2025 04:01:47.072] [main/DEBUG] [mixin/]: Processing prepare() for PlatformAgent[MixinPlatformAgentDefault:ModLauncher Root Container(ModLauncher:4f56a0a2)]
[10Apr2025 04:01:47.072] [main/DEBUG] [mixin/]: Processing launch tasks for PlatformAgent[MixinPlatformAgentDefault:ModLauncher Root Container(ModLauncher:4f56a0a2)]
[10Apr2025 04:01:47.072] [main/DEBUG] [mixin/]: Adding mixin platform agents for container ContainerHandleModLauncher.Resource(forge-1.16.5-36.2.42-server.jar:/workspaces/23/servidor_minecraft/libraries/net/minecraftforge/forge/1.16.5-36.2.42/forge-1.16.5-36.2.42-server.jar)
[10Apr2025 04:01:47.073] [main/DEBUG] [mixin/]: Instancing new MixinPlatformAgentMinecraftForge for ContainerHandleModLauncher.Resource(forge-1.16.5-36.2.42-server.jar:/workspaces/23/servidor_minecraft/libraries/net/minecraftforge/forge/1.16.5-36.2.42/forge-1.16.5-36.2.42-server.jar)
[10Apr2025 04:01:47.073] [main/DEBUG] [mixin/]: MixinPlatformAgentMinecraftForge rejected container ContainerHandleModLauncher.Resource(forge-1.16.5-36.2.42-server.jar:/workspaces/23/servidor_minecraft/libraries/net/minecraftforge/forge/1.16.5-36.2.42/forge-1.16.5-36.2.42-server.jar)
[10Apr2025 04:01:47.073] [main/DEBUG] [mixin/]: Instancing new MixinPlatformAgentDefault for ContainerHandleModLauncher.Resource(forge-1.16.5-36.2.42-server.jar:/workspaces/23/servidor_minecraft/libraries/net/minecraftforge/forge/1.16.5-36.2.42/forge-1.16.5-36.2.42-server.jar)
[10Apr2025 04:01:47.073] [main/DEBUG] [mixin/]: MixinPlatformAgentDefault accepted container ContainerHandleModLauncher.Resource(forge-1.16.5-36.2.42-server.jar:/workspaces/23/servidor_minecraft/libraries/net/minecraftforge/forge/1.16.5-36.2.42/forge-1.16.5-36.2.42-server.jar)
[10Apr2025 04:01:47.074] [main/DEBUG] [mixin/]: Processing prepare() for PlatformAgent[MixinPlatformAgentDefault:ContainerHandleModLauncher.Resource(forge-1.16.5-36.2.42-server.jar:/workspaces/23/servidor_minecraft/libraries/net/minecraftforge/forge/1.16.5-36.2.42/forge-1.16.5-36.2.42-server.jar)]
[10Apr2025 04:01:47.074] [main/DEBUG] [mixin/]: Adding mixin platform agents for container ContainerHandleModLauncher.Resource(sons-of-sins-1.16.5-1.0.9.jar:/workspaces/23/servidor_minecraft/mods/sons-of-sins-1.16.5-1.0.9.jar)
[10Apr2025 04:01:47.074] [main/DEBUG] [mixin/]: Instancing new MixinPlatformAgentMinecraftForge for ContainerHandleModLauncher.Resource(sons-of-sins-1.16.5-1.0.9.jar:/workspaces/23/servidor_minecraft/mods/sons-of-sins-1.16.5-1.0.9.jar)
[10Apr2025 04:01:47.075] [main/DEBUG] [mixin/]: MixinPlatformAgentMinecraftForge rejected container ContainerHandleModLauncher.Resource(sons-of-sins-1.16.5-1.0.9.jar:/workspaces/23/servidor_minecraft/mods/sons-of-sins-1.16.5-1.0.9.jar)
[10Apr2025 04:01:47.075] [main/DEBUG] [mixin/]: Instancing new MixinPlatformAgentDefault for ContainerHandleModLauncher.Resource(sons-of-sins-1.16.5-1.0.9.jar:/workspaces/23/servidor_minecraft/mods/sons-of-sins-1.16.5-1.0.9.jar)
[10Apr2025 04:01:47.075] [main/DEBUG] [mixin/]: MixinPlatformAgentDefault accepted container ContainerHandleModLauncher.Resource(sons-of-sins-1.16.5-1.0.9.jar:/workspaces/23/servidor_minecraft/mods/sons-of-sins-1.16.5-1.0.9.jar)
[10Apr2025 04:01:47.075] [main/DEBUG] [mixin/]: Processing prepare() for PlatformAgent[MixinPlatformAgentDefault:ContainerHandleModLauncher.Resource(sons-of-sins-1.16.5-1.0.9.jar:/workspaces/23/servidor_minecraft/mods/sons-of-sins-1.16.5-1.0.9.jar)]
[10Apr2025 04:01:47.075] [main/DEBUG] [mixin/]: Adding mixin platform agents for container ContainerHandleModLauncher.Resource(BrassAmberBattleTowers-1.16.5-1.6.3.jar:/workspaces/23/servidor_minecraft/mods/BrassAmberBattleTowers-1.16.5-1.6.3.jar)
[10Apr2025 04:01:47.075] [main/DEBUG] [mixin/]: Instancing new MixinPlatformAgentMinecraftForge for ContainerHandleModLauncher.Resource(BrassAmberBattleTowers-1.16.5-1.6.3.jar:/workspaces/23/servidor_minecraft/mods/BrassAmberBattleTowers-1.16.5-1.6.3.jar)
[10Apr2025 04:01:47.075] [main/DEBUG] [mixin/]: MixinPlatformAgentMinecraftForge rejected container ContainerHandleModLauncher.Resource(BrassAmberBattleTowers-1.16.5-1.6.3.jar:/workspaces/23/servidor_minecraft/mods/BrassAmberBattleTowers-1.16.5-1.6.3.jar)
[10Apr2025 04:01:47.076] [main/DEBUG] [mixin/]: Instancing new MixinPlatformAgentDefault for ContainerHandleModLauncher.Resource(BrassAmberBattleTowers-1.16.5-1.6.3.jar:/workspaces/23/servidor_minecraft/mods/BrassAmberBattleTowers-1.16.5-1.6.3.jar)
[10Apr2025 04:01:47.076] [main/DEBUG] [mixin/]: MixinPlatformAgentDefault accepted container ContainerHandleModLauncher.Resource(BrassAmberBattleTowers-1.16.5-1.6.3.jar:/workspaces/23/servidor_minecraft/mods/BrassAmberBattleTowers-1.16.5-1.6.3.jar)
[10Apr2025 04:01:47.076] [main/DEBUG] [mixin/]: Processing prepare() for PlatformAgent[MixinPlatformAgentDefault:ContainerHandleModLauncher.Resource(BrassAmberBattleTowers-1.16.5-1.6.3.jar:/workspaces/23/servidor_minecraft/mods/BrassAmberBattleTowers-1.16.5-1.6.3.jar)]
[10Apr2025 04:01:47.077] [main/DEBUG] [mixin/]: Adding mixin platform agents for container ContainerHandleModLauncher.Resource(mowziesmobs-1.5.27.jar:/workspaces/23/servidor_minecraft/mods/mowziesmobs-1.5.27.jar)
[10Apr2025 04:01:47.077] [main/DEBUG] [mixin/]: Instancing new MixinPlatformAgentMinecraftForge for ContainerHandleModLauncher.Resource(mowziesmobs-1.5.27.jar:/workspaces/23/servidor_minecraft/mods/mowziesmobs-1.5.27.jar)
[10Apr2025 04:01:47.077] [main/DEBUG] [mixin/]: MixinPlatformAgentMinecraftForge rejected container ContainerHandleModLauncher.Resource(mowziesmobs-1.5.27.jar:/workspaces/23/servidor_minecraft/mods/mowziesmobs-1.5.27.jar)
[10Apr2025 04:01:47.077] [main/DEBUG] [mixin/]: Instancing new MixinPlatformAgentDefault for ContainerHandleModLauncher.Resource(mowziesmobs-1.5.27.jar:/workspaces/23/servidor_minecraft/mods/mowziesmobs-1.5.27.jar)
[10Apr2025 04:01:47.078] [main/DEBUG] [mixin/]: MixinPlatformAgentDefault accepted container ContainerHandleModLauncher.Resource(mowziesmobs-1.5.27.jar:/workspaces/23/servidor_minecraft/mods/mowziesmobs-1.5.27.jar)
[10Apr2025 04:01:47.079] [main/DEBUG] [mixin/]: Processing prepare() for PlatformAgent[MixinPlatformAgentDefault:ContainerHandleModLauncher.Resource(mowziesmobs-1.5.27.jar:/workspaces/23/servidor_minecraft/mods/mowziesmobs-1.5.27.jar)]
[10Apr2025 04:01:47.079] [main/DEBUG] [mixin/]: Adding mixin platform agents for container ContainerHandleModLauncher.Resource(TrashSlot_1.16.3-12.2.1.jar:/workspaces/23/servidor_minecraft/mods/TrashSlot_1.16.3-12.2.1.jar)
[10Apr2025 04:01:47.079] [main/DEBUG] [mixin/]: Instancing new MixinPlatformAgentMinecraftForge for ContainerHandleModLauncher.Resource(TrashSlot_1.16.3-12.2.1.jar:/workspaces/23/servidor_minecraft/mods/TrashSlot_1.16.3-12.2.1.jar)
[10Apr2025 04:01:47.079] [main/DEBUG] [mixin/]: MixinPlatformAgentMinecraftForge rejected container ContainerHandleModLauncher.Resource(TrashSlot_1.16.3-12.2.1.jar:/workspaces/23/servidor_minecraft/mods/TrashSlot_1.16.3-12.2.1.jar)
[10Apr2025 04:01:47.079] [main/DEBUG] [mixin/]: Instancing new MixinPlatformAgentDefault for ContainerHandleModLauncher.Resource(TrashSlot_1.16.3-12.2.1.jar:/workspaces/23/servidor_minecraft/mods/TrashSlot_1.16.3-12.2.1.jar)
[10Apr2025 04:01:47.080] [main/DEBUG] [mixin/]: MixinPlatformAgentDefault accepted container ContainerHandleModLauncher.Resource(TrashSlot_1.16.3-12.2.1.jar:/workspaces/23/servidor_minecraft/mods/TrashSlot_1.16.3-12.2.1.jar)
[10Apr2025 04:01:47.080] [main/DEBUG] [mixin/]: Processing prepare() for PlatformAgent[MixinPlatformAgentDefault:ContainerHandleModLauncher.Resource(TrashSlot_1.16.3-12.2.1.jar:/workspaces/23/servidor_minecraft/mods/TrashSlot_1.16.3-12.2.1.jar)]
[10Apr2025 04:01:47.080] [main/DEBUG] [mixin/]: Adding mixin platform agents for container ContainerHandleModLauncher.Resource(dungeons_plus-1.16.5-1.1.5.jar:/workspaces/23/servidor_minecraft/mods/dungeons_plus-1.16.5-1.1.5.jar)
[10Apr2025 04:01:47.082] [main/DEBUG] [mixin/]: Instancing new MixinPlatformAgentMinecraftForge for ContainerHandleModLauncher.Resource(dungeons_plus-1.16.5-1.1.5.jar:/workspaces/23/servidor_minecraft/mods/dungeons_plus-1.16.5-1.1.5.jar)
[10Apr2025 04:01:47.082] [main/DEBUG] [mixin/]: MixinPlatformAgentMinecraftForge rejected container ContainerHandleModLauncher.Resource(dungeons_plus-1.16.5-1.1.5.jar:/workspaces/23/servidor_minecraft/mods/dungeons_plus-1.16.5-1.1.5.jar)
[10Apr2025 04:01:47.082] [main/DEBUG] [mixin/]: Instancing new MixinPlatformAgentDefault for ContainerHandleModLauncher.Resource(dungeons_plus-1.16.5-1.1.5.jar:/workspaces/23/servidor_minecraft/mods/dungeons_plus-1.16.5-1.1.5.jar)
[10Apr2025 04:01:47.082] [main/DEBUG] [mixin/]: MixinPlatformAgentDefault accepted container ContainerHandleModLauncher.Resource(dungeons_plus-1.16.5-1.1.5.jar:/workspaces/23/servidor_minecraft/mods/dungeons_plus-1.16.5-1.1.5.jar)
[10Apr2025 04:01:47.082] [main/DEBUG] [mixin/]: Processing prepare() for PlatformAgent[MixinPlatformAgentDefault:ContainerHandleModLauncher.Resource(dungeons_plus-1.16.5-1.1.5.jar:/workspaces/23/servidor_minecraft/mods/dungeons_plus-1.16.5-1.1.5.jar)]
[10Apr2025 04:01:47.083] [main/DEBUG] [mixin/]: Registering mixin config: dungeons_plus.mixins.json
[10Apr2025 04:01:47.142] [main/DEBUG] [mixin/]: Adding mixin platform agents for container ContainerHandleModLauncher.Resource(jei-1.16.5-7.8.0.1009.jar:/workspaces/23/servidor_minecraft/mods/jei-1.16.5-7.8.0.1009.jar)
[10Apr2025 04:01:47.144] [main/DEBUG] [mixin/]: Instancing new MixinPlatformAgentMinecraftForge for ContainerHandleModLauncher.Resource(jei-1.16.5-7.8.0.1009.jar:/workspaces/23/servidor_minecraft/mods/jei-1.16.5-7.8.0.1009.jar)
[10Apr2025 04:01:47.146] [main/DEBUG] [mixin/]: MixinPlatformAgentMinecraftForge rejected container ContainerHandleModLauncher.Resource(jei-1.16.5-7.8.0.1009.jar:/workspaces/23/servidor_minecraft/mods/jei-1.16.5-7.8.0.1009.jar)
[10Apr2025 04:01:47.147] [main/DEBUG] [mixin/]: Instancing new MixinPlatformAgentDefault for ContainerHandleModLauncher.Resource(jei-1.16.5-7.8.0.1009.jar:/workspaces/23/servidor_minecraft/mods/jei-1.16.5-7.8.0.1009.jar)
[10Apr2025 04:01:47.148] [main/DEBUG] [mixin/]: MixinPlatformAgentDefault accepted container ContainerHandleModLauncher.Resource(jei-1.16.5-7.8.0.1009.jar:/workspaces/23/servidor_minecraft/mods/jei-1.16.5-7.8.0.1009.jar)
[10Apr2025 04:01:47.150] [main/DEBUG] [mixin/]: Processing prepare() for PlatformAgent[MixinPlatformAgentDefault:ContainerHandleModLauncher.Resource(jei-1.16.5-7.8.0.1009.jar:/workspaces/23/servidor_minecraft/mods/jei-1.16.5-7.8.0.1009.jar)]
[10Apr2025 04:01:47.151] [main/DEBUG] [mixin/]: Adding mixin platform agents for container ContainerHandleModLauncher.Resource(dungeons_enhanced-1.16.5-1.8.2.jar:/workspaces/23/servidor_minecraft/mods/dungeons_enhanced-1.16.5-1.8.2.jar)
[10Apr2025 04:01:47.153] [main/DEBUG] [mixin/]: Instancing new MixinPlatformAgentMinecraftForge for ContainerHandleModLauncher.Resource(dungeons_enhanced-1.16.5-1.8.2.jar:/workspaces/23/servidor_minecraft/mods/dungeons_enhanced-1.16.5-1.8.2.jar)
[10Apr2025 04:01:47.153] [main/DEBUG] [mixin/]: MixinPlatformAgentMinecraftForge rejected container ContainerHandleModLauncher.Resource(dungeons_enhanced-1.16.5-1.8.2.jar:/workspaces/23/servidor_minecraft/mods/dungeons_enhanced-1.16.5-1.8.2.jar)
[10Apr2025 04:01:47.153] [main/DEBUG] [mixin/]: Instancing new MixinPlatformAgentDefault for ContainerHandleModLauncher.Resource(dungeons_enhanced-1.16.5-1.8.2.jar:/workspaces/23/servidor_minecraft/mods/dungeons_enhanced-1.16.5-1.8.2.jar)
[10Apr2025 04:01:47.153] [main/DEBUG] [mixin/]: MixinPlatformAgentDefault accepted container ContainerHandleModLauncher.Resource(dungeons_enhanced-1.16.5-1.8.2.jar:/workspaces/23/servidor_minecraft/mods/dungeons_enhanced-1.16.5-1.8.2.jar)
[10Apr2025 04:01:47.154] [main/DEBUG] [mixin/]: Processing prepare() for PlatformAgent[MixinPlatformAgentDefault:ContainerHandleModLauncher.Resource(dungeons_enhanced-1.16.5-1.8.2.jar:/workspaces/23/servidor_minecraft/mods/dungeons_enhanced-1.16.5-1.8.2.jar)]
[10Apr2025 04:01:47.154] [main/DEBUG] [mixin/]: Adding mixin platform agents for container ContainerHandleModLauncher.Resource(goblintraders-1.7.3-1.16.5.jar:/workspaces/23/servidor_minecraft/mods/goblintraders-1.7.3-1.16.5.jar)
[10Apr2025 04:01:47.154] [main/DEBUG] [mixin/]: Instancing new MixinPlatformAgentMinecraftForge for ContainerHandleModLauncher.Resource(goblintraders-1.7.3-1.16.5.jar:/workspaces/23/servidor_minecraft/mods/goblintraders-1.7.3-1.16.5.jar)
[10Apr2025 04:01:47.154] [main/DEBUG] [mixin/]: MixinPlatformAgentMinecraftForge rejected container ContainerHandleModLauncher.Resource(goblintraders-1.7.3-1.16.5.jar:/workspaces/23/servidor_minecraft/mods/goblintraders-1.7.3-1.16.5.jar)
[10Apr2025 04:01:47.154] [main/DEBUG] [mixin/]: Instancing new MixinPlatformAgentDefault for ContainerHandleModLauncher.Resource(goblintraders-1.7.3-1.16.5.jar:/workspaces/23/servidor_minecraft/mods/goblintraders-1.7.3-1.16.5.jar)
[10Apr2025 04:01:47.154] [main/DEBUG] [mixin/]: MixinPlatformAgentDefault accepted container ContainerHandleModLauncher.Resource(goblintraders-1.7.3-1.16.5.jar:/workspaces/23/servidor_minecraft/mods/goblintraders-1.7.3-1.16.5.jar)
[10Apr2025 04:01:47.154] [main/DEBUG] [mixin/]: Processing prepare() for PlatformAgent[MixinPlatformAgentDefault:ContainerHandleModLauncher.Resource(goblintraders-1.7.3-1.16.5.jar:/workspaces/23/servidor_minecraft/mods/goblintraders-1.7.3-1.16.5.jar)]
[10Apr2025 04:01:47.154] [main/DEBUG] [mixin/]: Registering mixin config: goblintraders.mixins.json
[10Apr2025 04:01:47.162] [main/DEBUG] [mixin/]: Adding mixin platform agents for container ContainerHandleModLauncher.Resource(caelus-forge-1.16.5-2.1.3.2.jar:/workspaces/23/servidor_minecraft/mods/caelus-forge-1.16.5-2.1.3.2.jar)
[10Apr2025 04:01:47.164] [main/DEBUG] [mixin/]: Instancing new MixinPlatformAgentMinecraftForge for ContainerHandleModLauncher.Resource(caelus-forge-1.16.5-2.1.3.2.jar:/workspaces/23/servidor_minecraft/mods/caelus-forge-1.16.5-2.1.3.2.jar)
[10Apr2025 04:01:47.165] [main/DEBUG] [mixin/]: MixinPlatformAgentMinecraftForge rejected container ContainerHandleModLauncher.Resource(caelus-forge-1.16.5-2.1.3.2.jar:/workspaces/23/servidor_minecraft/mods/caelus-forge-1.16.5-2.1.3.2.jar)
[10Apr2025 04:01:47.166] [main/DEBUG] [mixin/]: Instancing new MixinPlatformAgentDefault for ContainerHandleModLauncher.Resource(caelus-forge-1.16.5-2.1.3.2.jar:/workspaces/23/servidor_minecraft/mods/caelus-forge-1.16.5-2.1.3.2.jar)
[10Apr2025 04:01:47.167] [main/DEBUG] [mixin/]: MixinPlatformAgentDefault accepted container ContainerHandleModLauncher.Resource(caelus-forge-1.16.5-2.1.3.2.jar:/workspaces/23/servidor_minecraft/mods/caelus-forge-1.16.5-2.1.3.2.jar)
[10Apr2025 04:01:47.168] [main/DEBUG] [mixin/]: Processing prepare() for PlatformAgent[MixinPlatformAgentDefault:ContainerHandleModLauncher.Resource(caelus-forge-1.16.5-2.1.3.2.jar:/workspaces/23/servidor_minecraft/mods/caelus-forge-1.16.5-2.1.3.2.jar)]
[10Apr2025 04:01:47.168] [main/DEBUG] [mixin/]: Registering mixin config: caelus.mixins.json
[10Apr2025 04:01:47.171] [main/DEBUG] [mixin/]: Adding mixin platform agents for container ContainerHandleModLauncher.Resource(flywheel-1.16-0.2.5.jar:/workspaces/23/servidor_minecraft/mods/flywheel-1.16-0.2.5.jar)
[10Apr2025 04:01:47.173] [main/DEBUG] [mixin/]: Instancing new MixinPlatformAgentMinecraftForge for ContainerHandleModLauncher.Resource(flywheel-1.16-0.2.5.jar:/workspaces/23/servidor_minecraft/mods/flywheel-1.16-0.2.5.jar)
[10Apr2025 04:01:47.174] [main/DEBUG] [mixin/]: MixinPlatformAgentMinecraftForge rejected container ContainerHandleModLauncher.Resource(flywheel-1.16-0.2.5.jar:/workspaces/23/servidor_minecraft/mods/flywheel-1.16-0.2.5.jar)
[10Apr2025 04:01:47.175] [main/DEBUG] [mixin/]: Instancing new MixinPlatformAgentDefault for ContainerHandleModLauncher.Resource(flywheel-1.16-0.2.5.jar:/workspaces/23/servidor_minecraft/mods/flywheel-1.16-0.2.5.jar)
[10Apr2025 04:01:47.176] [main/DEBUG] [mixin/]: MixinPlatformAgentDefault accepted container ContainerHandleModLauncher.Resource(flywheel-1.16-0.2.5.jar:/workspaces/23/servidor_minecraft/mods/flywheel-1.16-0.2.5.jar)
[10Apr2025 04:01:47.178] [main/DEBUG] [mixin/]: Processing prepare() for PlatformAgent[MixinPlatformAgentDefault:ContainerHandleModLauncher.Resource(flywheel-1.16-0.2.5.jar:/workspaces/23/servidor_minecraft/mods/flywheel-1.16-0.2.5.jar)]
[10Apr2025 04:01:47.179] [main/DEBUG] [mixin/]: Registering mixin config: flywheel.mixins.json
[10Apr2025 04:01:47.189] [main/DEBUG] [mixin/]: Adding mixin platform agents for container ContainerHandleModLauncher.Resource(curios-forge-1.16.5-4.1.0.0.jar:/workspaces/23/servidor_minecraft/mods/curios-forge-1.16.5-4.1.0.0.jar)
[10Apr2025 04:01:47.190] [main/DEBUG] [mixin/]: Instancing new MixinPlatformAgentMinecraftForge for ContainerHandleModLauncher.Resource(curios-forge-1.16.5-4.1.0.0.jar:/workspaces/23/servidor_minecraft/mods/curios-forge-1.16.5-4.1.0.0.jar)
[10Apr2025 04:01:47.190] [main/DEBUG] [mixin/]: MixinPlatformAgentMinecraftForge rejected container ContainerHandleModLauncher.Resource(curios-forge-1.16.5-4.1.0.0.jar:/workspaces/23/servidor_minecraft/mods/curios-forge-1.16.5-4.1.0.0.jar)
[10Apr2025 04:01:47.190] [main/DEBUG] [mixin/]: Instancing new MixinPlatformAgentDefault for ContainerHandleModLauncher.Resource(curios-forge-1.16.5-4.1.0.0.jar:/workspaces/23/servidor_minecraft/mods/curios-forge-1.16.5-4.1.0.0.jar)
[10Apr2025 04:01:47.190] [main/DEBUG] [mixin/]: MixinPlatformAgentDefault accepted container ContainerHandleModLauncher.Resource(curios-forge-1.16.5-4.1.0.0.jar:/workspaces/23/servidor_minecraft/mods/curios-forge-1.16.5-4.1.0.0.jar)
[10Apr2025 04:01:47.190] [main/DEBUG] [mixin/]: Processing prepare() for PlatformAgent[MixinPlatformAgentDefault:ContainerHandleModLauncher.Resource(curios-forge-1.16.5-4.1.0.0.jar:/workspaces/23/servidor_minecraft/mods/curios-forge-1.16.5-4.1.0.0.jar)]
[10Apr2025 04:01:47.190] [main/DEBUG] [mixin/]: Adding mixin platform agents for container ContainerHandleModLauncher.Resource(create-mc1.16.5_v0.3.2g.jar:/workspaces/23/servidor_minecraft/mods/create-mc1.16.5_v0.3.2g.jar)
[10Apr2025 04:01:47.191] [main/DEBUG] [mixin/]: Instancing new MixinPlatformAgentMinecraftForge for ContainerHandleModLauncher.Resource(create-mc1.16.5_v0.3.2g.jar:/workspaces/23/servidor_minecraft/mods/create-mc1.16.5_v0.3.2g.jar)
[10Apr2025 04:01:47.191] [main/DEBUG] [mixin/]: MixinPlatformAgentMinecraftForge rejected container ContainerHandleModLauncher.Resource(create-mc1.16.5_v0.3.2g.jar:/workspaces/23/servidor_minecraft/mods/create-mc1.16.5_v0.3.2g.jar)
[10Apr2025 04:01:47.191] [main/DEBUG] [mixin/]: Instancing new MixinPlatformAgentDefault for ContainerHandleModLauncher.Resource(create-mc1.16.5_v0.3.2g.jar:/workspaces/23/servidor_minecraft/mods/create-mc1.16.5_v0.3.2g.jar)
[10Apr2025 04:01:47.191] [main/DEBUG] [mixin/]: MixinPlatformAgentDefault accepted container ContainerHandleModLauncher.Resource(create-mc1.16.5_v0.3.2g.jar:/workspaces/23/servidor_minecraft/mods/create-mc1.16.5_v0.3.2g.jar)
[10Apr2025 04:01:47.191] [main/DEBUG] [mixin/]: Processing prepare() for PlatformAgent[MixinPlatformAgentDefault:ContainerHandleModLauncher.Resource(create-mc1.16.5_v0.3.2g.jar:/workspaces/23/servidor_minecraft/mods/create-mc1.16.5_v0.3.2g.jar)]
[10Apr2025 04:01:47.191] [main/DEBUG] [mixin/]: Registering mixin config: create.mixins.json
[10Apr2025 04:01:47.196] [main/DEBUG] [mixin/]: Adding mixin platform agents for container ContainerHandleModLauncher.Resource(brutalbosses-4.7.jar:/workspaces/23/servidor_minecraft/mods/brutalbosses-4.7.jar)
[10Apr2025 04:01:47.198] [main/DEBUG] [mixin/]: Instancing new MixinPlatformAgentMinecraftForge for ContainerHandleModLauncher.Resource(brutalbosses-4.7.jar:/workspaces/23/servidor_minecraft/mods/brutalbosses-4.7.jar)
[10Apr2025 04:01:47.199] [main/DEBUG] [mixin/]: MixinPlatformAgentMinecraftForge rejected container ContainerHandleModLauncher.Resource(brutalbosses-4.7.jar:/workspaces/23/servidor_minecraft/mods/brutalbosses-4.7.jar)
[10Apr2025 04:01:47.199] [main/DEBUG] [mixin/]: Instancing new MixinPlatformAgentDefault for ContainerHandleModLauncher.Resource(brutalbosses-4.7.jar:/workspaces/23/servidor_minecraft/mods/brutalbosses-4.7.jar)
[10Apr2025 04:01:47.200] [main/DEBUG] [mixin/]: MixinPlatformAgentDefault accepted container ContainerHandleModLauncher.Resource(brutalbosses-4.7.jar:/workspaces/23/servidor_minecraft/mods/brutalbosses-4.7.jar)
[10Apr2025 04:01:47.200] [main/DEBUG] [mixin/]: Processing prepare() for PlatformAgent[MixinPlatformAgentDefault:ContainerHandleModLauncher.Resource(brutalbosses-4.7.jar:/workspaces/23/servidor_minecraft/mods/brutalbosses-4.7.jar)]
[10Apr2025 04:01:47.200] [main/DEBUG] [mixin/]: Registering mixin config: brutalbosses.mixins.json
[10Apr2025 04:01:47.203] [main/DEBUG] [mixin/]: Adding mixin platform agents for container ContainerHandleModLauncher.Resource(Xaeros_Minimap_25.2.0_Forge_1.16.5.jar:/workspaces/23/servidor_minecraft/mods/Xaeros_Minimap_25.2.0_Forge_1.16.5.jar)
[10Apr2025 04:01:47.203] [main/DEBUG] [mixin/]: Instancing new MixinPlatformAgentMinecraftForge for ContainerHandleModLauncher.Resource(Xaeros_Minimap_25.2.0_Forge_1.16.5.jar:/workspaces/23/servidor_minecraft/mods/Xaeros_Minimap_25.2.0_Forge_1.16.5.jar)
[10Apr2025 04:01:47.203] [main/DEBUG] [mixin/]: MixinPlatformAgentMinecraftForge rejected container ContainerHandleModLauncher.Resource(Xaeros_Minimap_25.2.0_Forge_1.16.5.jar:/workspaces/23/servidor_minecraft/mods/Xaeros_Minimap_25.2.0_Forge_1.16.5.jar)
[10Apr2025 04:01:47.203] [main/DEBUG] [mixin/]: Instancing new MixinPlatformAgentDefault for ContainerHandleModLauncher.Resource(Xaeros_Minimap_25.2.0_Forge_1.16.5.jar:/workspaces/23/servidor_minecraft/mods/Xaeros_Minimap_25.2.0_Forge_1.16.5.jar)
[10Apr2025 04:01:47.206] [main/DEBUG] [mixin/]: MixinPlatformAgentDefault accepted container ContainerHandleModLauncher.Resource(Xaeros_Minimap_25.2.0_Forge_1.16.5.jar:/workspaces/23/servidor_minecraft/mods/Xaeros_Minimap_25.2.0_Forge_1.16.5.jar)
[10Apr2025 04:01:47.206] [main/DEBUG] [mixin/]: Processing prepare() for PlatformAgent[MixinPlatformAgentDefault:ContainerHandleModLauncher.Resource(Xaeros_Minimap_25.2.0_Forge_1.16.5.jar:/workspaces/23/servidor_minecraft/mods/Xaeros_Minimap_25.2.0_Forge_1.16.5.jar)]
[10Apr2025 04:01:47.207] [main/DEBUG] [mixin/]: Adding mixin platform agents for container ContainerHandleModLauncher.Resource(Waystones_1.16.5-7.6.4.jar:/workspaces/23/servidor_minecraft/mods/Waystones_1.16.5-7.6.4.jar)
[10Apr2025 04:01:47.207] [main/DEBUG] [mixin/]: Instancing new MixinPlatformAgentMinecraftForge for ContainerHandleModLauncher.Resource(Waystones_1.16.5-7.6.4.jar:/workspaces/23/servidor_minecraft/mods/Waystones_1.16.5-7.6.4.jar)
[10Apr2025 04:01:47.208] [main/DEBUG] [mixin/]: MixinPlatformAgentMinecraftForge rejected container ContainerHandleModLauncher.Resource(Waystones_1.16.5-7.6.4.jar:/workspaces/23/servidor_minecraft/mods/Waystones_1.16.5-7.6.4.jar)
[10Apr2025 04:01:47.208] [main/DEBUG] [mixin/]: Instancing new MixinPlatformAgentDefault for ContainerHandleModLauncher.Resource(Waystones_1.16.5-7.6.4.jar:/workspaces/23/servidor_minecraft/mods/Waystones_1.16.5-7.6.4.jar)
[10Apr2025 04:01:47.209] [main/DEBUG] [mixin/]: MixinPlatformAgentDefault accepted container ContainerHandleModLauncher.Resource(Waystones_1.16.5-7.6.4.jar:/workspaces/23/servidor_minecraft/mods/Waystones_1.16.5-7.6.4.jar)
[10Apr2025 04:01:47.209] [main/DEBUG] [mixin/]: Processing prepare() for PlatformAgent[MixinPlatformAgentDefault:ContainerHandleModLauncher.Resource(Waystones_1.16.5-7.6.4.jar:/workspaces/23/servidor_minecraft/mods/Waystones_1.16.5-7.6.4.jar)]
[10Apr2025 04:01:47.209] [main/DEBUG] [mixin/]: Registering mixin config: mixins.waystones.json
[10Apr2025 04:01:47.212] [main/DEBUG] [mixin/]: Adding mixin platform agents for container ContainerHandleModLauncher.Resource(collective-1.16.5-5.49.jar:/workspaces/23/servidor_minecraft/mods/collective-1.16.5-5.49.jar)
[10Apr2025 04:01:47.212] [main/DEBUG] [mixin/]: Instancing new MixinPlatformAgentMinecraftForge for ContainerHandleModLauncher.Resource(collective-1.16.5-5.49.jar:/workspaces/23/servidor_minecraft/mods/collective-1.16.5-5.49.jar)
[10Apr2025 04:01:47.212] [main/DEBUG] [mixin/]: MixinPlatformAgentMinecraftForge rejected container ContainerHandleModLauncher.Resource(collective-1.16.5-5.49.jar:/workspaces/23/servidor_minecraft/mods/collective-1.16.5-5.49.jar)
[10Apr2025 04:01:47.212] [main/DEBUG] [mixin/]: Instancing new MixinPlatformAgentDefault for ContainerHandleModLauncher.Resource(collective-1.16.5-5.49.jar:/workspaces/23/servidor_minecraft/mods/collective-1.16.5-5.49.jar)
[10Apr2025 04:01:47.212] [main/DEBUG] [mixin/]: MixinPlatformAgentDefault accepted container ContainerHandleModLauncher.Resource(collective-1.16.5-5.49.jar:/workspaces/23/servidor_minecraft/mods/collective-1.16.5-5.49.jar)
[10Apr2025 04:01:47.212] [main/DEBUG] [mixin/]: Processing prepare() for PlatformAgent[MixinPlatformAgentDefault:ContainerHandleModLauncher.Resource(collective-1.16.5-5.49.jar:/workspaces/23/servidor_minecraft/mods/collective-1.16.5-5.49.jar)]
[10Apr2025 04:01:47.212] [main/DEBUG] [mixin/]: Adding mixin platform agents for container ContainerHandleModLauncher.Resource(XaerosWorldMap_1.39.4_Forge_1.16.5.jar:/workspaces/23/servidor_minecraft/mods/XaerosWorldMap_1.39.4_Forge_1.16.5.jar)
[10Apr2025 04:01:47.212] [main/DEBUG] [mixin/]: Instancing new MixinPlatformAgentMinecraftForge for ContainerHandleModLauncher.Resource(XaerosWorldMap_1.39.4_Forge_1.16.5.jar:/workspaces/23/servidor_minecraft/mods/XaerosWorldMap_1.39.4_Forge_1.16.5.jar)
[10Apr2025 04:01:47.213] [main/DEBUG] [mixin/]: MixinPlatformAgentMinecraftForge rejected container ContainerHandleModLauncher.Resource(XaerosWorldMap_1.39.4_Forge_1.16.5.jar:/workspaces/23/servidor_minecraft/mods/XaerosWorldMap_1.39.4_Forge_1.16.5.jar)
[10Apr2025 04:01:47.213] [main/DEBUG] [mixin/]: Instancing new MixinPlatformAgentDefault for ContainerHandleModLauncher.Resource(XaerosWorldMap_1.39.4_Forge_1.16.5.jar:/workspaces/23/servidor_minecraft/mods/XaerosWorldMap_1.39.4_Forge_1.16.5.jar)
[10Apr2025 04:01:47.215] [main/DEBUG] [mixin/]: MixinPlatformAgentDefault accepted container ContainerHandleModLauncher.Resource(XaerosWorldMap_1.39.4_Forge_1.16.5.jar:/workspaces/23/servidor_minecraft/mods/XaerosWorldMap_1.39.4_Forge_1.16.5.jar)
[10Apr2025 04:01:47.215] [main/DEBUG] [mixin/]: Processing prepare() for PlatformAgent[MixinPlatformAgentDefault:ContainerHandleModLauncher.Resource(XaerosWorldMap_1.39.4_Forge_1.16.5.jar:/workspaces/23/servidor_minecraft/mods/XaerosWorldMap_1.39.4_Forge_1.16.5.jar)]
[10Apr2025 04:01:47.216] [main/DEBUG] [mixin/]: Adding mixin platform agents for container ContainerHandleModLauncher.Resource(citadel-1.8.1-1.16.5.jar:/workspaces/23/servidor_minecraft/mods/citadel-1.8.1-1.16.5.jar)
[10Apr2025 04:01:47.216] [main/DEBUG] [mixin/]: Instancing new MixinPlatformAgentMinecraftForge for ContainerHandleModLauncher.Resource(citadel-1.8.1-1.16.5.jar:/workspaces/23/servidor_minecraft/mods/citadel-1.8.1-1.16.5.jar)
[10Apr2025 04:01:47.216] [main/DEBUG] [mixin/]: MixinPlatformAgentMinecraftForge rejected container ContainerHandleModLauncher.Resource(citadel-1.8.1-1.16.5.jar:/workspaces/23/servidor_minecraft/mods/citadel-1.8.1-1.16.5.jar)
[10Apr2025 04:01:47.217] [main/DEBUG] [mixin/]: Instancing new MixinPlatformAgentDefault for ContainerHandleModLauncher.Resource(citadel-1.8.1-1.16.5.jar:/workspaces/23/servidor_minecraft/mods/citadel-1.8.1-1.16.5.jar)
[10Apr2025 04:01:47.217] [main/DEBUG] [mixin/]: MixinPlatformAgentDefault accepted container ContainerHandleModLauncher.Resource(citadel-1.8.1-1.16.5.jar:/workspaces/23/servidor_minecraft/mods/citadel-1.8.1-1.16.5.jar)
[10Apr2025 04:01:47.217] [main/DEBUG] [mixin/]: Processing prepare() for PlatformAgent[MixinPlatformAgentDefault:ContainerHandleModLauncher.Resource(citadel-1.8.1-1.16.5.jar:/workspaces/23/servidor_minecraft/mods/citadel-1.8.1-1.16.5.jar)]
[10Apr2025 04:01:47.218] [main/DEBUG] [mixin/]: Registering mixin config: citadel.mixins.json
[10Apr2025 04:01:47.222] [main/DEBUG] [mixin/]: Adding mixin platform agents for container ContainerHandleModLauncher.Resource(alexsmobs-1.12.1.jar:/workspaces/23/servidor_minecraft/mods/alexsmobs-1.12.1.jar)
[10Apr2025 04:01:47.223] [main/DEBUG] [mixin/]: Instancing new MixinPlatformAgentMinecraftForge for ContainerHandleModLauncher.Resource(alexsmobs-1.12.1.jar:/workspaces/23/servidor_minecraft/mods/alexsmobs-1.12.1.jar)
[10Apr2025 04:01:47.224] [main/DEBUG] [mixin/]: MixinPlatformAgentMinecraftForge rejected container ContainerHandleModLauncher.Resource(alexsmobs-1.12.1.jar:/workspaces/23/servidor_minecraft/mods/alexsmobs-1.12.1.jar)
[10Apr2025 04:01:47.224] [main/DEBUG] [mixin/]: Instancing new MixinPlatformAgentDefault for ContainerHandleModLauncher.Resource(alexsmobs-1.12.1.jar:/workspaces/23/servidor_minecraft/mods/alexsmobs-1.12.1.jar)
[10Apr2025 04:01:47.224] [main/DEBUG] [mixin/]: MixinPlatformAgentDefault accepted container ContainerHandleModLauncher.Resource(alexsmobs-1.12.1.jar:/workspaces/23/servidor_minecraft/mods/alexsmobs-1.12.1.jar)
[10Apr2025 04:01:47.224] [main/DEBUG] [mixin/]: Processing prepare() for PlatformAgent[MixinPlatformAgentDefault:ContainerHandleModLauncher.Resource(alexsmobs-1.12.1.jar:/workspaces/23/servidor_minecraft/mods/alexsmobs-1.12.1.jar)]
[10Apr2025 04:01:47.224] [main/DEBUG] [mixin/]: Adding mixin platform agents for container ContainerHandleModLauncher.Resource([1.16.5] SecurityCraft v1.9.12.1.jar:/workspaces/23/servidor_minecraft/mods/[1.16.5] SecurityCraft v1.9.12.1.jar)
[10Apr2025 04:01:47.224] [main/DEBUG] [mixin/]: Instancing new MixinPlatformAgentMinecraftForge for ContainerHandleModLauncher.Resource([1.16.5] SecurityCraft v1.9.12.1.jar:/workspaces/23/servidor_minecraft/mods/[1.16.5] SecurityCraft v1.9.12.1.jar)
[10Apr2025 04:01:47.225] [main/DEBUG] [mixin/]: MixinPlatformAgentMinecraftForge rejected container ContainerHandleModLauncher.Resource([1.16.5] SecurityCraft v1.9.12.1.jar:/workspaces/23/servidor_minecraft/mods/[1.16.5] SecurityCraft v1.9.12.1.jar)
[10Apr2025 04:01:47.225] [main/DEBUG] [mixin/]: Instancing new MixinPlatformAgentDefault for ContainerHandleModLauncher.Resource([1.16.5] SecurityCraft v1.9.12.1.jar:/workspaces/23/servidor_minecraft/mods/[1.16.5] SecurityCraft v1.9.12.1.jar)
[10Apr2025 04:01:47.225] [main/DEBUG] [mixin/]: MixinPlatformAgentDefault accepted container ContainerHandleModLauncher.Resource([1.16.5] SecurityCraft v1.9.12.1.jar:/workspaces/23/servidor_minecraft/mods/[1.16.5] SecurityCraft v1.9.12.1.jar)
[10Apr2025 04:01:47.225] [main/DEBUG] [mixin/]: Processing prepare() for PlatformAgent[MixinPlatformAgentDefault:ContainerHandleModLauncher.Resource([1.16.5] SecurityCraft v1.9.12.1.jar:/workspaces/23/servidor_minecraft/mods/[1.16.5] SecurityCraft v1.9.12.1.jar)]
[10Apr2025 04:01:47.226] [main/DEBUG] [mixin/]: Registering mixin config: securitycraft.mixins.json
[10Apr2025 04:01:47.233] [main/DEBUG] [mixin/]: Adding mixin platform agents for container ContainerHandleModLauncher.Resource(Artifacts-1.16.5-2.10.5.jar:/workspaces/23/servidor_minecraft/mods/Artifacts-1.16.5-2.10.5.jar)
[10Apr2025 04:01:47.234] [main/DEBUG] [mixin/]: Instancing new MixinPlatformAgentMinecraftForge for ContainerHandleModLauncher.Resource(Artifacts-1.16.5-2.10.5.jar:/workspaces/23/servidor_minecraft/mods/Artifacts-1.16.5-2.10.5.jar)
[10Apr2025 04:01:47.235] [main/DEBUG] [mixin/]: MixinPlatformAgentMinecraftForge rejected container ContainerHandleModLauncher.Resource(Artifacts-1.16.5-2.10.5.jar:/workspaces/23/servidor_minecraft/mods/Artifacts-1.16.5-2.10.5.jar)
[10Apr2025 04:01:47.235] [main/DEBUG] [mixin/]: Instancing new MixinPlatformAgentDefault for ContainerHandleModLauncher.Resource(Artifacts-1.16.5-2.10.5.jar:/workspaces/23/servidor_minecraft/mods/Artifacts-1.16.5-2.10.5.jar)
[10Apr2025 04:01:47.236] [main/DEBUG] [mixin/]: MixinPlatformAgentDefault accepted container ContainerHandleModLauncher.Resource(Artifacts-1.16.5-2.10.5.jar:/workspaces/23/servidor_minecraft/mods/Artifacts-1.16.5-2.10.5.jar)
[10Apr2025 04:01:47.236] [main/DEBUG] [mixin/]: Processing prepare() for PlatformAgent[MixinPlatformAgentDefault:ContainerHandleModLauncher.Resource(Artifacts-1.16.5-2.10.5.jar:/workspaces/23/servidor_minecraft/mods/Artifacts-1.16.5-2.10.5.jar)]
[10Apr2025 04:01:47.237] [main/DEBUG] [mixin/]: Registering mixin config: mixins.artifacts.json
[10Apr2025 04:01:47.242] [main/DEBUG] [mixin/]: Adding mixin platform agents for container ContainerHandleModLauncher.Resource(performant-1.16.2-5-4.1m.jar:/workspaces/23/servidor_minecraft/mods/performant-1.16.2-5-4.1m.jar)
[10Apr2025 04:01:47.243] [main/DEBUG] [mixin/]: Instancing new MixinPlatformAgentMinecraftForge for ContainerHandleModLauncher.Resource(performant-1.16.2-5-4.1m.jar:/workspaces/23/servidor_minecraft/mods/performant-1.16.2-5-4.1m.jar)
[10Apr2025 04:01:47.243] [main/DEBUG] [mixin/]: MixinPlatformAgentMinecraftForge rejected container ContainerHandleModLauncher.Resource(performant-1.16.2-5-4.1m.jar:/workspaces/23/servidor_minecraft/mods/performant-1.16.2-5-4.1m.jar)
[10Apr2025 04:01:47.244] [main/DEBUG] [mixin/]: Instancing new MixinPlatformAgentDefault for ContainerHandleModLauncher.Resource(performant-1.16.2-5-4.1m.jar:/workspaces/23/servidor_minecraft/mods/performant-1.16.2-5-4.1m.jar)
[10Apr2025 04:01:47.245] [main/DEBUG] [mixin/]: MixinPlatformAgentDefault accepted container ContainerHandleModLauncher.Resource(performant-1.16.2-5-4.1m.jar:/workspaces/23/servidor_minecraft/mods/performant-1.16.2-5-4.1m.jar)
[10Apr2025 04:01:47.245] [main/DEBUG] [mixin/]: Processing prepare() for PlatformAgent[MixinPlatformAgentDefault:ContainerHandleModLauncher.Resource(performant-1.16.2-5-4.1m.jar:/workspaces/23/servidor_minecraft/mods/performant-1.16.2-5-4.1m.jar)]
[10Apr2025 04:01:47.262] [main/DEBUG] [mixin/]: Adding mixin platform agents for container ContainerHandleModLauncher.Resource(tombstone-1.16.5-6.9.6.jar:/workspaces/23/servidor_minecraft/mods/tombstone-1.16.5-6.9.6.jar)
[10Apr2025 04:01:47.263] [main/DEBUG] [mixin/]: Instancing new MixinPlatformAgentMinecraftForge for ContainerHandleModLauncher.Resource(tombstone-1.16.5-6.9.6.jar:/workspaces/23/servidor_minecraft/mods/tombstone-1.16.5-6.9.6.jar)
[10Apr2025 04:01:47.263] [main/DEBUG] [mixin/]: MixinPlatformAgentMinecraftForge rejected container ContainerHandleModLauncher.Resource(tombstone-1.16.5-6.9.6.jar:/workspaces/23/servidor_minecraft/mods/tombstone-1.16.5-6.9.6.jar)
[10Apr2025 04:01:47.263] [main/DEBUG] [mixin/]: Instancing new MixinPlatformAgentDefault for ContainerHandleModLauncher.Resource(tombstone-1.16.5-6.9.6.jar:/workspaces/23/servidor_minecraft/mods/tombstone-1.16.5-6.9.6.jar)
[10Apr2025 04:01:47.263] [main/DEBUG] [mixin/]: MixinPlatformAgentDefault accepted container ContainerHandleModLauncher.Resource(tombstone-1.16.5-6.9.6.jar:/workspaces/23/servidor_minecraft/mods/tombstone-1.16.5-6.9.6.jar)
[10Apr2025 04:01:47.263] [main/DEBUG] [mixin/]: Processing prepare() for PlatformAgent[MixinPlatformAgentDefault:ContainerHandleModLauncher.Resource(tombstone-1.16.5-6.9.6.jar:/workspaces/23/servidor_minecraft/mods/tombstone-1.16.5-6.9.6.jar)]
[10Apr2025 04:01:47.263] [main/DEBUG] [mixin/]: Registering mixin config: tombstone.mixins.json
[10Apr2025 04:01:47.267] [main/DEBUG] [mixin/]: Adding mixin platform agents for container ContainerHandleModLauncher.Resource(DungeonCrawl-1.16.5-2.3.12.jar:/workspaces/23/servidor_minecraft/mods/DungeonCrawl-1.16.5-2.3.12.jar)
[10Apr2025 04:01:47.270] [main/DEBUG] [mixin/]: Instancing new MixinPlatformAgentMinecraftForge for ContainerHandleModLauncher.Resource(DungeonCrawl-1.16.5-2.3.12.jar:/workspaces/23/servidor_minecraft/mods/DungeonCrawl-1.16.5-2.3.12.jar)
[10Apr2025 04:01:47.270] [main/DEBUG] [mixin/]: MixinPlatformAgentMinecraftForge rejected container ContainerHandleModLauncher.Resource(DungeonCrawl-1.16.5-2.3.12.jar:/workspaces/23/servidor_minecraft/mods/DungeonCrawl-1.16.5-2.3.12.jar)
[10Apr2025 04:01:47.271] [main/DEBUG] [mixin/]: Instancing new MixinPlatformAgentDefault for ContainerHandleModLauncher.Resource(DungeonCrawl-1.16.5-2.3.12.jar:/workspaces/23/servidor_minecraft/mods/DungeonCrawl-1.16.5-2.3.12.jar)
[10Apr2025 04:01:47.272] [main/DEBUG] [mixin/]: MixinPlatformAgentDefault accepted container ContainerHandleModLauncher.Resource(DungeonCrawl-1.16.5-2.3.12.jar:/workspaces/23/servidor_minecraft/mods/DungeonCrawl-1.16.5-2.3.12.jar)
[10Apr2025 04:01:47.273] [main/DEBUG] [mixin/]: Processing prepare() for PlatformAgent[MixinPlatformAgentDefault:ContainerHandleModLauncher.Resource(DungeonCrawl-1.16.5-2.3.12.jar:/workspaces/23/servidor_minecraft/mods/DungeonCrawl-1.16.5-2.3.12.jar)]
[10Apr2025 04:01:47.274] [main/DEBUG] [mixin/]: Adding mixin platform agents for container ContainerHandleModLauncher.Resource(sophisticatedbackpacks-1.16.5-3.15.16.669.jar:/workspaces/23/servidor_minecraft/mods/sophisticatedbackpacks-1.16.5-3.15.16.669.jar)
[10Apr2025 04:01:47.275] [main/DEBUG] [mixin/]: Instancing new MixinPlatformAgentMinecraftForge for ContainerHandleModLauncher.Resource(sophisticatedbackpacks-1.16.5-3.15.16.669.jar:/workspaces/23/servidor_minecraft/mods/sophisticatedbackpacks-1.16.5-3.15.16.669.jar)
[10Apr2025 04:01:47.276] [main/DEBUG] [mixin/]: MixinPlatformAgentMinecraftForge rejected container ContainerHandleModLauncher.Resource(sophisticatedbackpacks-1.16.5-3.15.16.669.jar:/workspaces/23/servidor_minecraft/mods/sophisticatedbackpacks-1.16.5-3.15.16.669.jar)
[10Apr2025 04:01:47.276] [main/DEBUG] [mixin/]: Instancing new MixinPlatformAgentDefault for ContainerHandleModLauncher.Resource(sophisticatedbackpacks-1.16.5-3.15.16.669.jar:/workspaces/23/servidor_minecraft/mods/sophisticatedbackpacks-1.16.5-3.15.16.669.jar)
[10Apr2025 04:01:47.277] [main/DEBUG] [mixin/]: MixinPlatformAgentDefault accepted container ContainerHandleModLauncher.Resource(sophisticatedbackpacks-1.16.5-3.15.16.669.jar:/workspaces/23/servidor_minecraft/mods/sophisticatedbackpacks-1.16.5-3.15.16.669.jar)
[10Apr2025 04:01:47.277] [main/DEBUG] [mixin/]: Processing prepare() for PlatformAgent[MixinPlatformAgentDefault:ContainerHandleModLauncher.Resource(sophisticatedbackpacks-1.16.5-3.15.16.669.jar:/workspaces/23/servidor_minecraft/mods/sophisticatedbackpacks-1.16.5-3.15.16.669.jar)]
[10Apr2025 04:01:47.277] [main/DEBUG] [mixin/]: Adding mixin platform agents for container ContainerHandleModLauncher.Resource(curiouselytra-forge-1.16.5-4.0.2.4.jar:/workspaces/23/servidor_minecraft/mods/curiouselytra-forge-1.16.5-4.0.2.4.jar)
[10Apr2025 04:01:47.278] [main/DEBUG] [mixin/]: Instancing new MixinPlatformAgentMinecraftForge for ContainerHandleModLauncher.Resource(curiouselytra-forge-1.16.5-4.0.2.4.jar:/workspaces/23/servidor_minecraft/mods/curiouselytra-forge-1.16.5-4.0.2.4.jar)
[10Apr2025 04:01:47.278] [main/DEBUG] [mixin/]: MixinPlatformAgentMinecraftForge rejected container ContainerHandleModLauncher.Resource(curiouselytra-forge-1.16.5-4.0.2.4.jar:/workspaces/23/servidor_minecraft/mods/curiouselytra-forge-1.16.5-4.0.2.4.jar)
[10Apr2025 04:01:47.278] [main/DEBUG] [mixin/]: Instancing new MixinPlatformAgentDefault for ContainerHandleModLauncher.Resource(curiouselytra-forge-1.16.5-4.0.2.4.jar:/workspaces/23/servidor_minecraft/mods/curiouselytra-forge-1.16.5-4.0.2.4.jar)
[10Apr2025 04:01:47.279] [main/DEBUG] [mixin/]: MixinPlatformAgentDefault accepted container ContainerHandleModLauncher.Resource(curiouselytra-forge-1.16.5-4.0.2.4.jar:/workspaces/23/servidor_minecraft/mods/curiouselytra-forge-1.16.5-4.0.2.4.jar)
[10Apr2025 04:01:47.279] [main/DEBUG] [mixin/]: Processing prepare() for PlatformAgent[MixinPlatformAgentDefault:ContainerHandleModLauncher.Resource(curiouselytra-forge-1.16.5-4.0.2.4.jar:/workspaces/23/servidor_minecraft/mods/curiouselytra-forge-1.16.5-4.0.2.4.jar)]
[10Apr2025 04:01:47.279] [main/DEBUG] [mixin/]: Adding mixin platform agents for container ContainerHandleModLauncher.Resource(AI-Improvements-1.16.5-0.5.0.jar:/workspaces/23/servidor_minecraft/mods/AI-Improvements-1.16.5-0.5.0.jar)
[10Apr2025 04:01:47.280] [main/DEBUG] [mixin/]: Instancing new MixinPlatformAgentMinecraftForge for ContainerHandleModLauncher.Resource(AI-Improvements-1.16.5-0.5.0.jar:/workspaces/23/servidor_minecraft/mods/AI-Improvements-1.16.5-0.5.0.jar)
[10Apr2025 04:01:47.280] [main/DEBUG] [mixin/]: MixinPlatformAgentMinecraftForge rejected container ContainerHandleModLauncher.Resource(AI-Improvements-1.16.5-0.5.0.jar:/workspaces/23/servidor_minecraft/mods/AI-Improvements-1.16.5-0.5.0.jar)
[10Apr2025 04:01:47.281] [main/DEBUG] [mixin/]: Instancing new MixinPlatformAgentDefault for ContainerHandleModLauncher.Resource(AI-Improvements-1.16.5-0.5.0.jar:/workspaces/23/servidor_minecraft/mods/AI-Improvements-1.16.5-0.5.0.jar)
[10Apr2025 04:01:47.281] [main/DEBUG] [mixin/]: MixinPlatformAgentDefault accepted container ContainerHandleModLauncher.Resource(AI-Improvements-1.16.5-0.5.0.jar:/workspaces/23/servidor_minecraft/mods/AI-Improvements-1.16.5-0.5.0.jar)
[10Apr2025 04:01:47.282] [main/DEBUG] [mixin/]: Processing prepare() for PlatformAgent[MixinPlatformAgentDefault:ContainerHandleModLauncher.Resource(AI-Improvements-1.16.5-0.5.0.jar:/workspaces/23/servidor_minecraft/mods/AI-Improvements-1.16.5-0.5.0.jar)]
[10Apr2025 04:01:47.283] [main/DEBUG] [mixin/]: Adding mixin platform agents for container ContainerHandleModLauncher.Resource(iceandfire-2.1.12-1.16.5-patch-1.jar:/workspaces/23/servidor_minecraft/mods/iceandfire-2.1.12-1.16.5-patch-1.jar)
[10Apr2025 04:01:47.283] [main/DEBUG] [mixin/]: Instancing new MixinPlatformAgentMinecraftForge for ContainerHandleModLauncher.Resource(iceandfire-2.1.12-1.16.5-patch-1.jar:/workspaces/23/servidor_minecraft/mods/iceandfire-2.1.12-1.16.5-patch-1.jar)
[10Apr2025 04:01:47.283] [main/DEBUG] [mixin/]: MixinPlatformAgentMinecraftForge rejected container ContainerHandleModLauncher.Resource(iceandfire-2.1.12-1.16.5-patch-1.jar:/workspaces/23/servidor_minecraft/mods/iceandfire-2.1.12-1.16.5-patch-1.jar)
[10Apr2025 04:01:47.284] [main/DEBUG] [mixin/]: Instancing new MixinPlatformAgentDefault for ContainerHandleModLauncher.Resource(iceandfire-2.1.12-1.16.5-patch-1.jar:/workspaces/23/servidor_minecraft/mods/iceandfire-2.1.12-1.16.5-patch-1.jar)
[10Apr2025 04:01:47.285] [main/DEBUG] [mixin/]: MixinPlatformAgentDefault accepted container ContainerHandleModLauncher.Resource(iceandfire-2.1.12-1.16.5-patch-1.jar:/workspaces/23/servidor_minecraft/mods/iceandfire-2.1.12-1.16.5-patch-1.jar)
[10Apr2025 04:01:47.285] [main/DEBUG] [mixin/]: Processing prepare() for PlatformAgent[MixinPlatformAgentDefault:ContainerHandleModLauncher.Resource(iceandfire-2.1.12-1.16.5-patch-1.jar:/workspaces/23/servidor_minecraft/mods/iceandfire-2.1.12-1.16.5-patch-1.jar)]
[10Apr2025 04:01:47.285] [main/DEBUG] [mixin/]: Registering mixin config: iceandfire.mixins.json
[10Apr2025 04:01:47.289] [main/DEBUG] [mixin/]: Adding mixin platform agents for container ContainerHandleModLauncher.Resource(immersive-armors-1.5.1+1.16.5-forge.jar:/workspaces/23/servidor_minecraft/mods/immersive-armors-1.5.1+1.16.5-forge.jar)
[10Apr2025 04:01:47.290] [main/DEBUG] [mixin/]: Instancing new MixinPlatformAgentMinecraftForge for ContainerHandleModLauncher.Resource(immersive-armors-1.5.1+1.16.5-forge.jar:/workspaces/23/servidor_minecraft/mods/immersive-armors-1.5.1+1.16.5-forge.jar)
[10Apr2025 04:01:47.290] [main/DEBUG] [mixin/]: MixinPlatformAgentMinecraftForge rejected container ContainerHandleModLauncher.Resource(immersive-armors-1.5.1+1.16.5-forge.jar:/workspaces/23/servidor_minecraft/mods/immersive-armors-1.5.1+1.16.5-forge.jar)
[10Apr2025 04:01:47.290] [main/DEBUG] [mixin/]: Instancing new MixinPlatformAgentDefault for ContainerHandleModLauncher.Resource(immersive-armors-1.5.1+1.16.5-forge.jar:/workspaces/23/servidor_minecraft/mods/immersive-armors-1.5.1+1.16.5-forge.jar)
[10Apr2025 04:01:47.291] [main/DEBUG] [mixin/]: MixinPlatformAgentDefault accepted container ContainerHandleModLauncher.Resource(immersive-armors-1.5.1+1.16.5-forge.jar:/workspaces/23/servidor_minecraft/mods/immersive-armors-1.5.1+1.16.5-forge.jar)
[10Apr2025 04:01:47.292] [main/DEBUG] [mixin/]: Processing prepare() for PlatformAgent[MixinPlatformAgentDefault:ContainerHandleModLauncher.Resource(immersive-armors-1.5.1+1.16.5-forge.jar:/workspaces/23/servidor_minecraft/mods/immersive-armors-1.5.1+1.16.5-forge.jar)]
[10Apr2025 04:01:47.292] [main/DEBUG] [mixin/]: Registering mixin config: immersive_armors.mixin.json
[10Apr2025 04:01:47.298] [main/DEBUG] [mixin/]: Adding mixin platform agents for container ContainerHandleModLauncher.Resource(carryon-1.16.5-1.15.6.24.jar:/workspaces/23/servidor_minecraft/mods/carryon-1.16.5-1.15.6.24.jar)
[10Apr2025 04:01:47.298] [main/DEBUG] [mixin/]: Instancing new MixinPlatformAgentMinecraftForge for ContainerHandleModLauncher.Resource(carryon-1.16.5-1.15.6.24.jar:/workspaces/23/servidor_minecraft/mods/carryon-1.16.5-1.15.6.24.jar)
[10Apr2025 04:01:47.299] [main/DEBUG] [mixin/]: MixinPlatformAgentMinecraftForge rejected container ContainerHandleModLauncher.Resource(carryon-1.16.5-1.15.6.24.jar:/workspaces/23/servidor_minecraft/mods/carryon-1.16.5-1.15.6.24.jar)
[10Apr2025 04:01:47.300] [main/DEBUG] [mixin/]: Instancing new MixinPlatformAgentDefault for ContainerHandleModLauncher.Resource(carryon-1.16.5-1.15.6.24.jar:/workspaces/23/servidor_minecraft/mods/carryon-1.16.5-1.15.6.24.jar)
[10Apr2025 04:01:47.300] [main/DEBUG] [mixin/]: MixinPlatformAgentDefault accepted container ContainerHandleModLauncher.Resource(carryon-1.16.5-1.15.6.24.jar:/workspaces/23/servidor_minecraft/mods/carryon-1.16.5-1.15.6.24.jar)
[10Apr2025 04:01:47.301] [main/DEBUG] [mixin/]: Processing prepare() for PlatformAgent[MixinPlatformAgentDefault:ContainerHandleModLauncher.Resource(carryon-1.16.5-1.15.6.24.jar:/workspaces/23/servidor_minecraft/mods/carryon-1.16.5-1.15.6.24.jar)]
[10Apr2025 04:01:47.302] [main/DEBUG] [mixin/]: Adding mixin platform agents for container ContainerHandleModLauncher.Resource(CraftTweaker-1.16.5-7.1.2.527.jar:/workspaces/23/servidor_minecraft/mods/CraftTweaker-1.16.5-7.1.2.527.jar)
[10Apr2025 04:01:47.303] [main/DEBUG] [mixin/]: Instancing new MixinPlatformAgentMinecraftForge for ContainerHandleModLauncher.Resource(CraftTweaker-1.16.5-7.1.2.527.jar:/workspaces/23/servidor_minecraft/mods/CraftTweaker-1.16.5-7.1.2.527.jar)
[10Apr2025 04:01:47.304] [main/DEBUG] [mixin/]: MixinPlatformAgentMinecraftForge rejected container ContainerHandleModLauncher.Resource(CraftTweaker-1.16.5-7.1.2.527.jar:/workspaces/23/servidor_minecraft/mods/CraftTweaker-1.16.5-7.1.2.527.jar)
[10Apr2025 04:01:47.304] [main/DEBUG] [mixin/]: Instancing new MixinPlatformAgentDefault for ContainerHandleModLauncher.Resource(CraftTweaker-1.16.5-7.1.2.527.jar:/workspaces/23/servidor_minecraft/mods/CraftTweaker-1.16.5-7.1.2.527.jar)
[10Apr2025 04:01:47.304] [main/DEBUG] [mixin/]: MixinPlatformAgentDefault accepted container ContainerHandleModLauncher.Resource(CraftTweaker-1.16.5-7.1.2.527.jar:/workspaces/23/servidor_minecraft/mods/CraftTweaker-1.16.5-7.1.2.527.jar)
[10Apr2025 04:01:47.304] [main/DEBUG] [mixin/]: Processing prepare() for PlatformAgent[MixinPlatformAgentDefault:ContainerHandleModLauncher.Resource(CraftTweaker-1.16.5-7.1.2.527.jar:/workspaces/23/servidor_minecraft/mods/CraftTweaker-1.16.5-7.1.2.527.jar)]
[10Apr2025 04:01:47.304] [main/DEBUG] [mixin/]: Adding mixin platform agents for container ContainerHandleModLauncher.Resource(FallingTree-1.16.5-2.11.6.jar:/workspaces/23/servidor_minecraft/mods/FallingTree-1.16.5-2.11.6.jar)
[10Apr2025 04:01:47.304] [main/DEBUG] [mixin/]: Instancing new MixinPlatformAgentMinecraftForge for ContainerHandleModLauncher.Resource(FallingTree-1.16.5-2.11.6.jar:/workspaces/23/servidor_minecraft/mods/FallingTree-1.16.5-2.11.6.jar)
[10Apr2025 04:01:47.304] [main/DEBUG] [mixin/]: MixinPlatformAgentMinecraftForge rejected container ContainerHandleModLauncher.Resource(FallingTree-1.16.5-2.11.6.jar:/workspaces/23/servidor_minecraft/mods/FallingTree-1.16.5-2.11.6.jar)
[10Apr2025 04:01:47.304] [main/DEBUG] [mixin/]: Instancing new MixinPlatformAgentDefault for ContainerHandleModLauncher.Resource(FallingTree-1.16.5-2.11.6.jar:/workspaces/23/servidor_minecraft/mods/FallingTree-1.16.5-2.11.6.jar)
[10Apr2025 04:01:47.305] [main/DEBUG] [mixin/]: MixinPlatformAgentDefault accepted container ContainerHandleModLauncher.Resource(FallingTree-1.16.5-2.11.6.jar:/workspaces/23/servidor_minecraft/mods/FallingTree-1.16.5-2.11.6.jar)
[10Apr2025 04:01:47.305] [main/DEBUG] [mixin/]: Processing prepare() for PlatformAgent[MixinPlatformAgentDefault:ContainerHandleModLauncher.Resource(FallingTree-1.16.5-2.11.6.jar:/workspaces/23/servidor_minecraft/mods/FallingTree-1.16.5-2.11.6.jar)]
[10Apr2025 04:01:47.308] [main/DEBUG] [mixin/]: Adding mixin platform agents for container ContainerHandleModLauncher.Resource(forge-1.16.5-36.2.42-universal.jar:/workspaces/23/servidor_minecraft/libraries/net/minecraftforge/forge/1.16.5-36.2.42/forge-1.16.5-36.2.42-universal.jar)
[10Apr2025 04:01:47.308] [main/DEBUG] [mixin/]: Instancing new MixinPlatformAgentMinecraftForge for ContainerHandleModLauncher.Resource(forge-1.16.5-36.2.42-universal.jar:/workspaces/23/servidor_minecraft/libraries/net/minecraftforge/forge/1.16.5-36.2.42/forge-1.16.5-36.2.42-universal.jar)
[10Apr2025 04:01:47.309] [main/DEBUG] [mixin/]: MixinPlatformAgentMinecraftForge rejected container ContainerHandleModLauncher.Resource(forge-1.16.5-36.2.42-universal.jar:/workspaces/23/servidor_minecraft/libraries/net/minecraftforge/forge/1.16.5-36.2.42/forge-1.16.5-36.2.42-universal.jar)
[10Apr2025 04:01:47.309] [main/DEBUG] [mixin/]: Instancing new MixinPlatformAgentDefault for ContainerHandleModLauncher.Resource(forge-1.16.5-36.2.42-universal.jar:/workspaces/23/servidor_minecraft/libraries/net/minecraftforge/forge/1.16.5-36.2.42/forge-1.16.5-36.2.42-universal.jar)
[10Apr2025 04:01:47.309] [main/DEBUG] [mixin/]: MixinPlatformAgentDefault accepted container ContainerHandleModLauncher.Resource(forge-1.16.5-36.2.42-universal.jar:/workspaces/23/servidor_minecraft/libraries/net/minecraftforge/forge/1.16.5-36.2.42/forge-1.16.5-36.2.42-universal.jar)
[10Apr2025 04:01:47.309] [main/DEBUG] [mixin/]: Processing prepare() for PlatformAgent[MixinPlatformAgentDefault:ContainerHandleModLauncher.Resource(forge-1.16.5-36.2.42-universal.jar:/workspaces/23/servidor_minecraft/libraries/net/minecraftforge/forge/1.16.5-36.2.42/forge-1.16.5-36.2.42-universal.jar)]
[10Apr2025 04:01:47.309] [main/DEBUG] [mixin/]: Adding mixin platform agents for container ContainerHandleModLauncher.Resource(Aquaculture-1.16.5-2.1.23.jar:/workspaces/23/servidor_minecraft/mods/Aquaculture-1.16.5-2.1.23.jar)
[10Apr2025 04:01:47.309] [main/DEBUG] [mixin/]: Instancing new MixinPlatformAgentMinecraftForge for ContainerHandleModLauncher.Resource(Aquaculture-1.16.5-2.1.23.jar:/workspaces/23/servidor_minecraft/mods/Aquaculture-1.16.5-2.1.23.jar)
[10Apr2025 04:01:47.309] [main/DEBUG] [mixin/]: MixinPlatformAgentMinecraftForge rejected container ContainerHandleModLauncher.Resource(Aquaculture-1.16.5-2.1.23.jar:/workspaces/23/servidor_minecraft/mods/Aquaculture-1.16.5-2.1.23.jar)
[10Apr2025 04:01:47.309] [main/DEBUG] [mixin/]: Instancing new MixinPlatformAgentDefault for ContainerHandleModLauncher.Resource(Aquaculture-1.16.5-2.1.23.jar:/workspaces/23/servidor_minecraft/mods/Aquaculture-1.16.5-2.1.23.jar)
[10Apr2025 04:01:47.309] [main/DEBUG] [mixin/]: MixinPlatformAgentDefault accepted container ContainerHandleModLauncher.Resource(Aquaculture-1.16.5-2.1.23.jar:/workspaces/23/servidor_minecraft/mods/Aquaculture-1.16.5-2.1.23.jar)
[10Apr2025 04:01:47.309] [main/DEBUG] [mixin/]: Processing prepare() for PlatformAgent[MixinPlatformAgentDefault:ContainerHandleModLauncher.Resource(Aquaculture-1.16.5-2.1.23.jar:/workspaces/23/servidor_minecraft/mods/Aquaculture-1.16.5-2.1.23.jar)]
[10Apr2025 04:01:47.310] [main/DEBUG] [mixin/]: Adding mixin platform agents for container ContainerHandleModLauncher.Resource(infinitetrading_1.16.5-3.0.jar:/workspaces/23/servidor_minecraft/mods/infinitetrading_1.16.5-3.0.jar)
[10Apr2025 04:01:47.310] [main/DEBUG] [mixin/]: Instancing new MixinPlatformAgentMinecraftForge for ContainerHandleModLauncher.Resource(infinitetrading_1.16.5-3.0.jar:/workspaces/23/servidor_minecraft/mods/infinitetrading_1.16.5-3.0.jar)
[10Apr2025 04:01:47.314] [main/DEBUG] [mixin/]: MixinPlatformAgentMinecraftForge rejected container ContainerHandleModLauncher.Resource(infinitetrading_1.16.5-3.0.jar:/workspaces/23/servidor_minecraft/mods/infinitetrading_1.16.5-3.0.jar)
[10Apr2025 04:01:47.314] [main/DEBUG] [mixin/]: Instancing new MixinPlatformAgentDefault for ContainerHandleModLauncher.Resource(infinitetrading_1.16.5-3.0.jar:/workspaces/23/servidor_minecraft/mods/infinitetrading_1.16.5-3.0.jar)
[10Apr2025 04:01:47.315] [main/DEBUG] [mixin/]: MixinPlatformAgentDefault accepted container ContainerHandleModLauncher.Resource(infinitetrading_1.16.5-3.0.jar:/workspaces/23/servidor_minecraft/mods/infinitetrading_1.16.5-3.0.jar)
[10Apr2025 04:01:47.316] [main/DEBUG] [mixin/]: Processing prepare() for PlatformAgent[MixinPlatformAgentDefault:ContainerHandleModLauncher.Resource(infinitetrading_1.16.5-3.0.jar:/workspaces/23/servidor_minecraft/mods/infinitetrading_1.16.5-3.0.jar)]
[10Apr2025 04:01:47.316] [main/DEBUG] [mixin/]: Registering mixin config: infinitetrading.mixins.json
[10Apr2025 04:01:47.323] [main/DEBUG] [mixin/]: Adding mixin platform agents for container ContainerHandleModLauncher.Resource(expandability-2.0.1-forge.jar:/workspaces/23/servidor_minecraft/mods/expandability-2.0.1-forge.jar)
[10Apr2025 04:01:47.324] [main/DEBUG] [mixin/]: Instancing new MixinPlatformAgentMinecraftForge for ContainerHandleModLauncher.Resource(expandability-2.0.1-forge.jar:/workspaces/23/servidor_minecraft/mods/expandability-2.0.1-forge.jar)
[10Apr2025 04:01:47.325] [main/DEBUG] [mixin/]: MixinPlatformAgentMinecraftForge rejected container ContainerHandleModLauncher.Resource(expandability-2.0.1-forge.jar:/workspaces/23/servidor_minecraft/mods/expandability-2.0.1-forge.jar)
[10Apr2025 04:01:47.325] [main/DEBUG] [mixin/]: Instancing new MixinPlatformAgentDefault for ContainerHandleModLauncher.Resource(expandability-2.0.1-forge.jar:/workspaces/23/servidor_minecraft/mods/expandability-2.0.1-forge.jar)
[10Apr2025 04:01:47.326] [main/DEBUG] [mixin/]: MixinPlatformAgentDefault accepted container ContainerHandleModLauncher.Resource(expandability-2.0.1-forge.jar:/workspaces/23/servidor_minecraft/mods/expandability-2.0.1-forge.jar)
[10Apr2025 04:01:47.327] [main/DEBUG] [mixin/]: Processing prepare() for PlatformAgent[MixinPlatformAgentDefault:ContainerHandleModLauncher.Resource(expandability-2.0.1-forge.jar:/workspaces/23/servidor_minecraft/mods/expandability-2.0.1-forge.jar)]
[10Apr2025 04:01:47.327] [main/DEBUG] [mixin/]: Registering mixin config: expandability.mixins.json
[10Apr2025 04:01:47.334] [main/DEBUG] [mixin/]: Adding mixin platform agents for container ContainerHandleModLauncher.Resource(CosmeticArmorReworked-1.16.5-v1b.jar:/workspaces/23/servidor_minecraft/mods/CosmeticArmorReworked-1.16.5-v1b.jar)
[10Apr2025 04:01:47.335] [main/DEBUG] [mixin/]: Instancing new MixinPlatformAgentMinecraftForge for ContainerHandleModLauncher.Resource(CosmeticArmorReworked-1.16.5-v1b.jar:/workspaces/23/servidor_minecraft/mods/CosmeticArmorReworked-1.16.5-v1b.jar)
[10Apr2025 04:01:47.336] [main/DEBUG] [mixin/]: MixinPlatformAgentMinecraftForge rejected container ContainerHandleModLauncher.Resource(CosmeticArmorReworked-1.16.5-v1b.jar:/workspaces/23/servidor_minecraft/mods/CosmeticArmorReworked-1.16.5-v1b.jar)
[10Apr2025 04:01:47.336] [main/DEBUG] [mixin/]: Instancing new MixinPlatformAgentDefault for ContainerHandleModLauncher.Resource(CosmeticArmorReworked-1.16.5-v1b.jar:/workspaces/23/servidor_minecraft/mods/CosmeticArmorReworked-1.16.5-v1b.jar)
[10Apr2025 04:01:47.337] [main/DEBUG] [mixin/]: MixinPlatformAgentDefault accepted container ContainerHandleModLauncher.Resource(CosmeticArmorReworked-1.16.5-v1b.jar:/workspaces/23/servidor_minecraft/mods/CosmeticArmorReworked-1.16.5-v1b.jar)
[10Apr2025 04:01:47.338] [main/DEBUG] [mixin/]: Processing prepare() for PlatformAgent[MixinPlatformAgentDefault:ContainerHandleModLauncher.Resource(CosmeticArmorReworked-1.16.5-v1b.jar:/workspaces/23/servidor_minecraft/mods/CosmeticArmorReworked-1.16.5-v1b.jar)]
[10Apr2025 04:01:47.339] [main/DEBUG] [mixin/]: Adding mixin platform agents for container ContainerHandleModLauncher.Resource(geckolib-forge-1.16.5-3.0.106(1).jar:/workspaces/23/servidor_minecraft/mods/geckolib-forge-1.16.5-3.0.106(1).jar)
[10Apr2025 04:01:47.340] [main/DEBUG] [mixin/]: Instancing new MixinPlatformAgentMinecraftForge for ContainerHandleModLauncher.Resource(geckolib-forge-1.16.5-3.0.106(1).jar:/workspaces/23/servidor_minecraft/mods/geckolib-forge-1.16.5-3.0.106(1).jar)
[10Apr2025 04:01:47.340] [main/DEBUG] [mixin/]: MixinPlatformAgentMinecraftForge rejected container ContainerHandleModLauncher.Resource(geckolib-forge-1.16.5-3.0.106(1).jar:/workspaces/23/servidor_minecraft/mods/geckolib-forge-1.16.5-3.0.106(1).jar)
[10Apr2025 04:01:47.340] [main/DEBUG] [mixin/]: Instancing new MixinPlatformAgentDefault for ContainerHandleModLauncher.Resource(geckolib-forge-1.16.5-3.0.106(1).jar:/workspaces/23/servidor_minecraft/mods/geckolib-forge-1.16.5-3.0.106(1).jar)
[10Apr2025 04:01:47.340] [main/DEBUG] [mixin/]: MixinPlatformAgentDefault accepted container ContainerHandleModLauncher.Resource(geckolib-forge-1.16.5-3.0.106(1).jar:/workspaces/23/servidor_minecraft/mods/geckolib-forge-1.16.5-3.0.106(1).jar)
[10Apr2025 04:01:47.340] [main/DEBUG] [mixin/]: Processing prepare() for PlatformAgent[MixinPlatformAgentDefault:ContainerHandleModLauncher.Resource(geckolib-forge-1.16.5-3.0.106(1).jar:/workspaces/23/servidor_minecraft/mods/geckolib-forge-1.16.5-3.0.106(1).jar)]
[10Apr2025 04:01:47.340] [main/DEBUG] [mixin/]: Adding mixin platform agents for container ContainerHandleModLauncher.Resource(dungeons_libraries-1.16.5-1.0.6.jar:/workspaces/23/servidor_minecraft/mods/dungeons_libraries-1.16.5-1.0.6.jar)
[10Apr2025 04:01:47.340] [main/DEBUG] [mixin/]: Instancing new MixinPlatformAgentMinecraftForge for ContainerHandleModLauncher.Resource(dungeons_libraries-1.16.5-1.0.6.jar:/workspaces/23/servidor_minecraft/mods/dungeons_libraries-1.16.5-1.0.6.jar)
[10Apr2025 04:01:47.340] [main/DEBUG] [mixin/]: MixinPlatformAgentMinecraftForge rejected container ContainerHandleModLauncher.Resource(dungeons_libraries-1.16.5-1.0.6.jar:/workspaces/23/servidor_minecraft/mods/dungeons_libraries-1.16.5-1.0.6.jar)
[10Apr2025 04:01:47.340] [main/DEBUG] [mixin/]: Instancing new MixinPlatformAgentDefault for ContainerHandleModLauncher.Resource(dungeons_libraries-1.16.5-1.0.6.jar:/workspaces/23/servidor_minecraft/mods/dungeons_libraries-1.16.5-1.0.6.jar)
[10Apr2025 04:01:47.340] [main/DEBUG] [mixin/]: MixinPlatformAgentDefault accepted container ContainerHandleModLauncher.Resource(dungeons_libraries-1.16.5-1.0.6.jar:/workspaces/23/servidor_minecraft/mods/dungeons_libraries-1.16.5-1.0.6.jar)
[10Apr2025 04:01:47.341] [main/DEBUG] [mixin/]: Processing prepare() for PlatformAgent[MixinPlatformAgentDefault:ContainerHandleModLauncher.Resource(dungeons_libraries-1.16.5-1.0.6.jar:/workspaces/23/servidor_minecraft/mods/dungeons_libraries-1.16.5-1.0.6.jar)]
[10Apr2025 04:01:47.341] [main/DEBUG] [mixin/]: Registering mixin config: dungeons_libraries.mixins.json
[10Apr2025 04:01:47.355] [main/DEBUG] [mixin/]: Adding mixin platform agents for container ContainerHandleModLauncher.Resource(structure_gel-1.16.5-1.7.8.jar:/workspaces/23/servidor_minecraft/mods/structure_gel-1.16.5-1.7.8.jar)
[10Apr2025 04:01:47.356] [main/DEBUG] [mixin/]: Instancing new MixinPlatformAgentMinecraftForge for ContainerHandleModLauncher.Resource(structure_gel-1.16.5-1.7.8.jar:/workspaces/23/servidor_minecraft/mods/structure_gel-1.16.5-1.7.8.jar)
[10Apr2025 04:01:47.357] [main/DEBUG] [mixin/]: MixinPlatformAgentMinecraftForge rejected container ContainerHandleModLauncher.Resource(structure_gel-1.16.5-1.7.8.jar:/workspaces/23/servidor_minecraft/mods/structure_gel-1.16.5-1.7.8.jar)
[10Apr2025 04:01:47.358] [main/DEBUG] [mixin/]: Instancing new MixinPlatformAgentDefault for ContainerHandleModLauncher.Resource(structure_gel-1.16.5-1.7.8.jar:/workspaces/23/servidor_minecraft/mods/structure_gel-1.16.5-1.7.8.jar)
[10Apr2025 04:01:47.359] [main/DEBUG] [mixin/]: MixinPlatformAgentDefault accepted container ContainerHandleModLauncher.Resource(structure_gel-1.16.5-1.7.8.jar:/workspaces/23/servidor_minecraft/mods/structure_gel-1.16.5-1.7.8.jar)
[10Apr2025 04:01:47.359] [main/DEBUG] [mixin/]: Processing prepare() for PlatformAgent[MixinPlatformAgentDefault:ContainerHandleModLauncher.Resource(structure_gel-1.16.5-1.7.8.jar:/workspaces/23/servidor_minecraft/mods/structure_gel-1.16.5-1.7.8.jar)]
[10Apr2025 04:01:47.359] [main/DEBUG] [mixin/]: Registering mixin config: structure_gel.mixins.json
[10Apr2025 04:01:47.363] [main/DEBUG] [mixin/]: Adding mixin platform agents for container ContainerHandleModLauncher.Resource(infernalmobs-1.16.2.1.jar:/workspaces/23/servidor_minecraft/mods/infernalmobs-1.16.2.1.jar)
[10Apr2025 04:01:47.363] [main/DEBUG] [mixin/]: Instancing new MixinPlatformAgentMinecraftForge for ContainerHandleModLauncher.Resource(infernalmobs-1.16.2.1.jar:/workspaces/23/servidor_minecraft/mods/infernalmobs-1.16.2.1.jar)
[10Apr2025 04:01:47.364] [main/DEBUG] [mixin/]: MixinPlatformAgentMinecraftForge rejected container ContainerHandleModLauncher.Resource(infernalmobs-1.16.2.1.jar:/workspaces/23/servidor_minecraft/mods/infernalmobs-1.16.2.1.jar)
[10Apr2025 04:01:47.364] [main/DEBUG] [mixin/]: Instancing new MixinPlatformAgentDefault for ContainerHandleModLauncher.Resource(infernalmobs-1.16.2.1.jar:/workspaces/23/servidor_minecraft/mods/infernalmobs-1.16.2.1.jar)
[10Apr2025 04:01:47.364] [main/DEBUG] [mixin/]: MixinPlatformAgentDefault accepted container ContainerHandleModLauncher.Resource(infernalmobs-1.16.2.1.jar:/workspaces/23/servidor_minecraft/mods/infernalmobs-1.16.2.1.jar)
[10Apr2025 04:01:47.367] [main/DEBUG] [mixin/]: Processing prepare() for PlatformAgent[MixinPlatformAgentDefault:ContainerHandleModLauncher.Resource(infernalmobs-1.16.2.1.jar:/workspaces/23/servidor_minecraft/mods/infernalmobs-1.16.2.1.jar)]
[10Apr2025 04:01:47.368] [main/DEBUG] [mixin/]: Adding mixin platform agents for container ContainerHandleModLauncher.Resource(dungeons_gear-1.16.5-3.2.7.jar:/workspaces/23/servidor_minecraft/mods/dungeons_gear-1.16.5-3.2.7.jar)
[10Apr2025 04:01:47.368] [main/DEBUG] [mixin/]: Instancing new MixinPlatformAgentMinecraftForge for ContainerHandleModLauncher.Resource(dungeons_gear-1.16.5-3.2.7.jar:/workspaces/23/servidor_minecraft/mods/dungeons_gear-1.16.5-3.2.7.jar)
[10Apr2025 04:01:47.369] [main/DEBUG] [mixin/]: MixinPlatformAgentMinecraftForge rejected container ContainerHandleModLauncher.Resource(dungeons_gear-1.16.5-3.2.7.jar:/workspaces/23/servidor_minecraft/mods/dungeons_gear-1.16.5-3.2.7.jar)
[10Apr2025 04:01:47.370] [main/DEBUG] [mixin/]: Instancing new MixinPlatformAgentDefault for ContainerHandleModLauncher.Resource(dungeons_gear-1.16.5-3.2.7.jar:/workspaces/23/servidor_minecraft/mods/dungeons_gear-1.16.5-3.2.7.jar)
[10Apr2025 04:01:47.370] [main/DEBUG] [mixin/]: MixinPlatformAgentDefault accepted container ContainerHandleModLauncher.Resource(dungeons_gear-1.16.5-3.2.7.jar:/workspaces/23/servidor_minecraft/mods/dungeons_gear-1.16.5-3.2.7.jar)
[10Apr2025 04:01:47.371] [main/DEBUG] [mixin/]: Processing prepare() for PlatformAgent[MixinPlatformAgentDefault:ContainerHandleModLauncher.Resource(dungeons_gear-1.16.5-3.2.7.jar:/workspaces/23/servidor_minecraft/mods/dungeons_gear-1.16.5-3.2.7.jar)]
[10Apr2025 04:01:47.372] [main/DEBUG] [mixin/]: Registering mixin config: dungeons_gear.mixins.json
[10Apr2025 04:01:47.382] [main/DEBUG] [mixin/]: Adding mixin platform agents for container ContainerHandleModLauncher.Resource(DungeonsArise-1.16.5-2.1.49-beta.jar:/workspaces/23/servidor_minecraft/mods/DungeonsArise-1.16.5-2.1.49-beta.jar)
[10Apr2025 04:01:47.382] [main/DEBUG] [mixin/]: Instancing new MixinPlatformAgentMinecraftForge for ContainerHandleModLauncher.Resource(DungeonsArise-1.16.5-2.1.49-beta.jar:/workspaces/23/servidor_minecraft/mods/DungeonsArise-1.16.5-2.1.49-beta.jar)
[10Apr2025 04:01:47.382] [main/DEBUG] [mixin/]: MixinPlatformAgentMinecraftForge rejected container ContainerHandleModLauncher.Resource(DungeonsArise-1.16.5-2.1.49-beta.jar:/workspaces/23/servidor_minecraft/mods/DungeonsArise-1.16.5-2.1.49-beta.jar)
[10Apr2025 04:01:47.382] [main/DEBUG] [mixin/]: Instancing new MixinPlatformAgentDefault for ContainerHandleModLauncher.Resource(DungeonsArise-1.16.5-2.1.49-beta.jar:/workspaces/23/servidor_minecraft/mods/DungeonsArise-1.16.5-2.1.49-beta.jar)
[10Apr2025 04:01:47.382] [main/DEBUG] [mixin/]: MixinPlatformAgentDefault accepted container ContainerHandleModLauncher.Resource(DungeonsArise-1.16.5-2.1.49-beta.jar:/workspaces/23/servidor_minecraft/mods/DungeonsArise-1.16.5-2.1.49-beta.jar)
[10Apr2025 04:01:47.382] [main/DEBUG] [mixin/]: Processing prepare() for PlatformAgent[MixinPlatformAgentDefault:ContainerHandleModLauncher.Resource(DungeonsArise-1.16.5-2.1.49-beta.jar:/workspaces/23/servidor_minecraft/mods/DungeonsArise-1.16.5-2.1.49-beta.jar)]
[10Apr2025 04:01:47.382] [main/DEBUG] [mixin/]: inject() running with 45 agents
[10Apr2025 04:01:47.382] [main/DEBUG] [mixin/]: Processing inject() for PlatformAgent[MixinPlatformAgentDefault:ModLauncher Root Container(ModLauncher:4f56a0a2)]
[10Apr2025 04:01:47.383] [main/DEBUG] [mixin/]: Processing inject() for PlatformAgent[MixinPlatformAgentDefault:ContainerHandleModLauncher.Resource(forge-1.16.5-36.2.42-server.jar:/workspaces/23/servidor_minecraft/libraries/net/minecraftforge/forge/1.16.5-36.2.42/forge-1.16.5-36.2.42-server.jar)]
[10Apr2025 04:01:47.383] [main/DEBUG] [mixin/]: Processing inject() for PlatformAgent[MixinPlatformAgentDefault:ContainerHandleModLauncher.Resource(sons-of-sins-1.16.5-1.0.9.jar:/workspaces/23/servidor_minecraft/mods/sons-of-sins-1.16.5-1.0.9.jar)]
[10Apr2025 04:01:47.383] [main/DEBUG] [mixin/]: Processing inject() for PlatformAgent[MixinPlatformAgentDefault:ContainerHandleModLauncher.Resource(BrassAmberBattleTowers-1.16.5-1.6.3.jar:/workspaces/23/servidor_minecraft/mods/BrassAmberBattleTowers-1.16.5-1.6.3.jar)]
[10Apr2025 04:01:47.383] [main/DEBUG] [mixin/]: Processing inject() for PlatformAgent[MixinPlatformAgentDefault:ContainerHandleModLauncher.Resource(mowziesmobs-1.5.27.jar:/workspaces/23/servidor_minecraft/mods/mowziesmobs-1.5.27.jar)]
[10Apr2025 04:01:47.383] [main/DEBUG] [mixin/]: Processing inject() for PlatformAgent[MixinPlatformAgentDefault:ContainerHandleModLauncher.Resource(TrashSlot_1.16.3-12.2.1.jar:/workspaces/23/servidor_minecraft/mods/TrashSlot_1.16.3-12.2.1.jar)]
[10Apr2025 04:01:47.383] [main/DEBUG] [mixin/]: Processing inject() for PlatformAgent[MixinPlatformAgentDefault:ContainerHandleModLauncher.Resource(dungeons_plus-1.16.5-1.1.5.jar:/workspaces/23/servidor_minecraft/mods/dungeons_plus-1.16.5-1.1.5.jar)]
[10Apr2025 04:01:47.383] [main/DEBUG] [mixin/]: Processing inject() for PlatformAgent[MixinPlatformAgentDefault:ContainerHandleModLauncher.Resource(jei-1.16.5-7.8.0.1009.jar:/workspaces/23/servidor_minecraft/mods/jei-1.16.5-7.8.0.1009.jar)]
[10Apr2025 04:01:47.383] [main/DEBUG] [mixin/]: Processing inject() for PlatformAgent[MixinPlatformAgentDefault:ContainerHandleModLauncher.Resource(dungeons_enhanced-1.16.5-1.8.2.jar:/workspaces/23/servidor_minecraft/mods/dungeons_enhanced-1.16.5-1.8.2.jar)]
[10Apr2025 04:01:47.383] [main/DEBUG] [mixin/]: Processing inject() for PlatformAgent[MixinPlatformAgentDefault:ContainerHandleModLauncher.Resource(goblintraders-1.7.3-1.16.5.jar:/workspaces/23/servidor_minecraft/mods/goblintraders-1.7.3-1.16.5.jar)]
[10Apr2025 04:01:47.383] [main/DEBUG] [mixin/]: Processing inject() for PlatformAgent[MixinPlatformAgentDefault:ContainerHandleModLauncher.Resource(caelus-forge-1.16.5-2.1.3.2.jar:/workspaces/23/servidor_minecraft/mods/caelus-forge-1.16.5-2.1.3.2.jar)]
[10Apr2025 04:01:47.383] [main/DEBUG] [mixin/]: Processing inject() for PlatformAgent[MixinPlatformAgentDefault:ContainerHandleModLauncher.Resource(flywheel-1.16-0.2.5.jar:/workspaces/23/servidor_minecraft/mods/flywheel-1.16-0.2.5.jar)]
[10Apr2025 04:01:47.384] [main/DEBUG] [mixin/]: Processing inject() for PlatformAgent[MixinPlatformAgentDefault:ContainerHandleModLauncher.Resource(curios-forge-1.16.5-4.1.0.0.jar:/workspaces/23/servidor_minecraft/mods/curios-forge-1.16.5-4.1.0.0.jar)]
[10Apr2025 04:01:47.388] [main/DEBUG] [mixin/]: Processing inject() for PlatformAgent[MixinPlatformAgentDefault:ContainerHandleModLauncher.Resource(create-mc1.16.5_v0.3.2g.jar:/workspaces/23/servidor_minecraft/mods/create-mc1.16.5_v0.3.2g.jar)]
[10Apr2025 04:01:47.390] [main/DEBUG] [mixin/]: Processing inject() for PlatformAgent[MixinPlatformAgentDefault:ContainerHandleModLauncher.Resource(brutalbosses-4.7.jar:/workspaces/23/servidor_minecraft/mods/brutalbosses-4.7.jar)]
[10Apr2025 04:01:47.391] [main/DEBUG] [mixin/]: Processing inject() for PlatformAgent[MixinPlatformAgentDefault:ContainerHandleModLauncher.Resource(Xaeros_Minimap_25.2.0_Forge_1.16.5.jar:/workspaces/23/servidor_minecraft/mods/Xaeros_Minimap_25.2.0_Forge_1.16.5.jar)]
[10Apr2025 04:01:47.392] [main/DEBUG] [mixin/]: Processing inject() for PlatformAgent[MixinPlatformAgentDefault:ContainerHandleModLauncher.Resource(Waystones_1.16.5-7.6.4.jar:/workspaces/23/servidor_minecraft/mods/Waystones_1.16.5-7.6.4.jar)]
[10Apr2025 04:01:47.393] [main/DEBUG] [mixin/]: Processing inject() for PlatformAgent[MixinPlatformAgentDefault:ContainerHandleModLauncher.Resource(collective-1.16.5-5.49.jar:/workspaces/23/servidor_minecraft/mods/collective-1.16.5-5.49.jar)]
[10Apr2025 04:01:47.394] [main/DEBUG] [mixin/]: Processing inject() for PlatformAgent[MixinPlatformAgentDefault:ContainerHandleModLauncher.Resource(XaerosWorldMap_1.39.4_Forge_1.16.5.jar:/workspaces/23/servidor_minecraft/mods/XaerosWorldMap_1.39.4_Forge_1.16.5.jar)]
[10Apr2025 04:01:47.395] [main/DEBUG] [mixin/]: Processing inject() for PlatformAgent[MixinPlatformAgentDefault:ContainerHandleModLauncher.Resource(citadel-1.8.1-1.16.5.jar:/workspaces/23/servidor_minecraft/mods/citadel-1.8.1-1.16.5.jar)]
[10Apr2025 04:01:47.395] [main/DEBUG] [mixin/]: Processing inject() for PlatformAgent[MixinPlatformAgentDefault:ContainerHandleModLauncher.Resource(alexsmobs-1.12.1.jar:/workspaces/23/servidor_minecraft/mods/alexsmobs-1.12.1.jar)]
[10Apr2025 04:01:47.396] [main/DEBUG] [mixin/]: Processing inject() for PlatformAgent[MixinPlatformAgentDefault:ContainerHandleModLauncher.Resource([1.16.5] SecurityCraft v1.9.12.1.jar:/workspaces/23/servidor_minecraft/mods/[1.16.5] SecurityCraft v1.9.12.1.jar)]
[10Apr2025 04:01:47.397] [main/DEBUG] [mixin/]: Processing inject() for PlatformAgent[MixinPlatformAgentDefault:ContainerHandleModLauncher.Resource(Artifacts-1.16.5-2.10.5.jar:/workspaces/23/servidor_minecraft/mods/Artifacts-1.16.5-2.10.5.jar)]
[10Apr2025 04:01:47.398] [main/DEBUG] [mixin/]: Processing inject() for PlatformAgent[MixinPlatformAgentDefault:ContainerHandleModLauncher.Resource(performant-1.16.2-5-4.1m.jar:/workspaces/23/servidor_minecraft/mods/performant-1.16.2-5-4.1m.jar)]
[10Apr2025 04:01:47.399] [main/DEBUG] [mixin/]: Processing inject() for PlatformAgent[MixinPlatformAgentDefault:ContainerHandleModLauncher.Resource(tombstone-1.16.5-6.9.6.jar:/workspaces/23/servidor_minecraft/mods/tombstone-1.16.5-6.9.6.jar)]
[10Apr2025 04:01:47.402] [main/DEBUG] [mixin/]: Processing inject() for PlatformAgent[MixinPlatformAgentDefault:ContainerHandleModLauncher.Resource(DungeonCrawl-1.16.5-2.3.12.jar:/workspaces/23/servidor_minecraft/mods/DungeonCrawl-1.16.5-2.3.12.jar)]
[10Apr2025 04:01:47.402] [main/DEBUG] [mixin/]: Processing inject() for PlatformAgent[MixinPlatformAgentDefault:ContainerHandleModLauncher.Resource(sophisticatedbackpacks-1.16.5-3.15.16.669.jar:/workspaces/23/servidor_minecraft/mods/sophisticatedbackpacks-1.16.5-3.15.16.669.jar)]
[10Apr2025 04:01:47.402] [main/DEBUG] [mixin/]: Processing inject() for PlatformAgent[MixinPlatformAgentDefault:ContainerHandleModLauncher.Resource(curiouselytra-forge-1.16.5-4.0.2.4.jar:/workspaces/23/servidor_minecraft/mods/curiouselytra-forge-1.16.5-4.0.2.4.jar)]
[10Apr2025 04:01:47.402] [main/DEBUG] [mixin/]: Processing inject() for PlatformAgent[MixinPlatformAgentDefault:ContainerHandleModLauncher.Resource(AI-Improvements-1.16.5-0.5.0.jar:/workspaces/23/servidor_minecraft/mods/AI-Improvements-1.16.5-0.5.0.jar)]
[10Apr2025 04:01:47.402] [main/DEBUG] [mixin/]: Processing inject() for PlatformAgent[MixinPlatformAgentDefault:ContainerHandleModLauncher.Resource(iceandfire-2.1.12-1.16.5-patch-1.jar:/workspaces/23/servidor_minecraft/mods/iceandfire-2.1.12-1.16.5-patch-1.jar)]
[10Apr2025 04:01:47.402] [main/DEBUG] [mixin/]: Processing inject() for PlatformAgent[MixinPlatformAgentDefault:ContainerHandleModLauncher.Resource(immersive-armors-1.5.1+1.16.5-forge.jar:/workspaces/23/servidor_minecraft/mods/immersive-armors-1.5.1+1.16.5-forge.jar)]
[10Apr2025 04:01:47.402] [main/DEBUG] [mixin/]: Processing inject() for PlatformAgent[MixinPlatformAgentDefault:ContainerHandleModLauncher.Resource(carryon-1.16.5-1.15.6.24.jar:/workspaces/23/servidor_minecraft/mods/carryon-1.16.5-1.15.6.24.jar)]
[10Apr2025 04:01:47.402] [main/DEBUG] [mixin/]: Processing inject() for PlatformAgent[MixinPlatformAgentDefault:ContainerHandleModLauncher.Resource(CraftTweaker-1.16.5-7.1.2.527.jar:/workspaces/23/servidor_minecraft/mods/CraftTweaker-1.16.5-7.1.2.527.jar)]
[10Apr2025 04:01:47.403] [main/DEBUG] [mixin/]: Processing inject() for PlatformAgent[MixinPlatformAgentDefault:ContainerHandleModLauncher.Resource(FallingTree-1.16.5-2.11.6.jar:/workspaces/23/servidor_minecraft/mods/FallingTree-1.16.5-2.11.6.jar)]
[10Apr2025 04:01:47.403] [main/DEBUG] [mixin/]: Processing inject() for PlatformAgent[MixinPlatformAgentDefault:ContainerHandleModLauncher.Resource(forge-1.16.5-36.2.42-universal.jar:/workspaces/23/servidor_minecraft/libraries/net/minecraftforge/forge/1.16.5-36.2.42/forge-1.16.5-36.2.42-universal.jar)]
[10Apr2025 04:01:47.403] [main/DEBUG] [mixin/]: Processing inject() for PlatformAgent[MixinPlatformAgentDefault:ContainerHandleModLauncher.Resource(Aquaculture-1.16.5-2.1.23.jar:/workspaces/23/servidor_minecraft/mods/Aquaculture-1.16.5-2.1.23.jar)]
[10Apr2025 04:01:47.403] [main/DEBUG] [mixin/]: Processing inject() for PlatformAgent[MixinPlatformAgentDefault:ContainerHandleModLauncher.Resource(infinitetrading_1.16.5-3.0.jar:/workspaces/23/servidor_minecraft/mods/infinitetrading_1.16.5-3.0.jar)]
[10Apr2025 04:01:47.403] [main/DEBUG] [mixin/]: Processing inject() for PlatformAgent[MixinPlatformAgentDefault:ContainerHandleModLauncher.Resource(expandability-2.0.1-forge.jar:/workspaces/23/servidor_minecraft/mods/expandability-2.0.1-forge.jar)]
[10Apr2025 04:01:47.403] [main/DEBUG] [mixin/]: Processing inject() for PlatformAgent[MixinPlatformAgentDefault:ContainerHandleModLauncher.Resource(CosmeticArmorReworked-1.16.5-v1b.jar:/workspaces/23/servidor_minecraft/mods/CosmeticArmorReworked-1.16.5-v1b.jar)]
[10Apr2025 04:01:47.403] [main/DEBUG] [mixin/]: Processing inject() for PlatformAgent[MixinPlatformAgentDefault:ContainerHandleModLauncher.Resource(geckolib-forge-1.16.5-3.0.106(1).jar:/workspaces/23/servidor_minecraft/mods/geckolib-forge-1.16.5-3.0.106(1).jar)]
[10Apr2025 04:01:47.403] [main/DEBUG] [mixin/]: Processing inject() for PlatformAgent[MixinPlatformAgentDefault:ContainerHandleModLauncher.Resource(dungeons_libraries-1.16.5-1.0.6.jar:/workspaces/23/servidor_minecraft/mods/dungeons_libraries-1.16.5-1.0.6.jar)]
[10Apr2025 04:01:47.403] [main/DEBUG] [mixin/]: Processing inject() for PlatformAgent[MixinPlatformAgentDefault:ContainerHandleModLauncher.Resource(structure_gel-1.16.5-1.7.8.jar:/workspaces/23/servidor_minecraft/mods/structure_gel-1.16.5-1.7.8.jar)]
[10Apr2025 04:01:47.403] [main/DEBUG] [mixin/]: Processing inject() for PlatformAgent[MixinPlatformAgentDefault:ContainerHandleModLauncher.Resource(infernalmobs-1.16.2.1.jar:/workspaces/23/servidor_minecraft/mods/infernalmobs-1.16.2.1.jar)]
[10Apr2025 04:01:47.403] [main/DEBUG] [mixin/]: Processing inject() for PlatformAgent[MixinPlatformAgentDefault:ContainerHandleModLauncher.Resource(dungeons_gear-1.16.5-3.2.7.jar:/workspaces/23/servidor_minecraft/mods/dungeons_gear-1.16.5-3.2.7.jar)]
[10Apr2025 04:01:47.403] [main/DEBUG] [mixin/]: Processing inject() for PlatformAgent[MixinPlatformAgentDefault:ContainerHandleModLauncher.Resource(DungeonsArise-1.16.5-2.1.49-beta.jar:/workspaces/23/servidor_minecraft/mods/DungeonsArise-1.16.5-2.1.49-beta.jar)]
[10Apr2025 04:01:47.487] [main/DEBUG] [mixin/]: Error cleaning class output directory: .mixin.out
[10Apr2025 04:01:47.498] [main/DEBUG] [mixin/]: Preparing mixins for MixinEnvironment[PREINIT]
[10Apr2025 04:01:47.525] [main/INFO] [mixin/]: Successfully loaded Mixin Connector [com.performant.coremod.mixin.Connector]
[10Apr2025 04:01:47.538] [main/INFO] [cpw.mods.modlauncher.LaunchServiceHandler/MODLAUNCHER]: Launching target 'fmlserver' with arguments [--gameDir, ., nogui]
[10Apr2025 04:01:47.554] [main/DEBUG] [mixin/]: Preparing mixins for MixinEnvironment[DEFAULT]
[10Apr2025 04:01:47.555] [main/DEBUG] [mixin/]: Selecting config dungeons_plus.mixins.json
[10Apr2025 04:01:47.565] [main/DEBUG] [mixin/]: Selecting config goblintraders.mixins.json
[10Apr2025 04:01:47.568] [main/DEBUG] [mixin/]: Selecting config caelus.mixins.json
[10Apr2025 04:01:47.573] [main/DEBUG] [mixin/]: Selecting config flywheel.mixins.json
[10Apr2025 04:01:47.578] [main/DEBUG] [mixin/]: Selecting config create.mixins.json
[10Apr2025 04:01:47.581] [main/DEBUG] [mixin/]: Selecting config brutalbosses.mixins.json
[10Apr2025 04:01:47.585] [main/DEBUG] [mixin/]: Selecting config mixins.waystones.json
[10Apr2025 04:01:47.586] [main/DEBUG] [mixin/]: Selecting config citadel.mixins.json
[10Apr2025 04:01:47.590] [main/DEBUG] [mixin/]: Selecting config securitycraft.mixins.json
[10Apr2025 04:01:47.596] [main/DEBUG] [mixin/]: Selecting config mixins.artifacts.json
[10Apr2025 04:01:47.601] [main/DEBUG] [mixin/]: Selecting config tombstone.mixins.json
[10Apr2025 04:01:47.610] [main/DEBUG] [mixin/]: Selecting config iceandfire.mixins.json
[10Apr2025 04:01:47.613] [main/DEBUG] [mixin/]: Selecting config immersive_armors.mixin.json
[10Apr2025 04:01:47.623] [main/DEBUG] [mixin/]: Selecting config infinitetrading.mixins.json
[10Apr2025 04:01:47.624] [main/DEBUG] [mixin/]: Selecting config expandability.mixins.json
[10Apr2025 04:01:47.626] [main/DEBUG] [mixin/]: Selecting config dungeons_libraries.mixins.json
[10Apr2025 04:01:47.628] [main/DEBUG] [mixin/]: Selecting config structure_gel.mixins.json
[10Apr2025 04:01:47.629] [main/DEBUG] [mixin/]: Selecting config dungeons_gear.mixins.json
[10Apr2025 04:01:47.631] [main/DEBUG] [mixin/]: Selecting config performant.mixins.json
[10Apr2025 04:01:47.656] [main/INFO] [com.performant.coremod.Performant/]: Performant configs loaded
[10Apr2025 04:01:47.661] [main/DEBUG] [mixin/]: Preparing dungeons_plus.mixins.json (1)
[10Apr2025 04:01:47.767] [main/DEBUG] [mixin/]: Preparing goblintraders.mixins.json (4)
[10Apr2025 04:01:47.889] [main/DEBUG] [mixin/]: Preparing caelus.mixins.json (4)
[10Apr2025 04:01:48.039] [main/DEBUG] [net.minecraftforge.coremod.transformer.CoreModBaseTransformer/COREMOD]: Transforming func_175148_a with desc (Lnet/minecraft/entity/player/PlayerModelPart;)Z
[10Apr2025 04:01:48.046] [main/DEBUG] [net.minecraftforge.coremod.transformer.CoreModBaseTransformer/COREMOD]: Transforming func_175148_a with desc (Lnet/minecraft/entity/player/PlayerModelPart;)Z
[10Apr2025 04:01:48.124] [main/DEBUG] [mixin/]: Preparing flywheel.mixins.json (14)
[10Apr2025 04:01:48.125] [main/DEBUG] [mixin/]: Preparing brutalbosses.mixins.json (9)
[10Apr2025 04:01:48.134] [main/ERROR] [mixin/]: The specified mixin 'com.brutalbosses.mixin.BasePressurePlateBlockMixin' was not found
org.spongepowered.asm.mixin.transformer.throwables.InvalidMixinException: The specified mixin 'com.brutalbosses.mixin.BasePressurePlateBlockMixin' was not found
	at org.spongepowered.asm.mixin.transformer.MixinInfo.<init>(MixinInfo.java:864) ~[mixin-0.8.4.jar:0.8.4+Jenkins-b308.git-2accda5000f7602229606b39437565542cc6fba4]
	at org.spongepowered.asm.mixin.transformer.MixinConfig.prepareMixins(MixinConfig.java:850) ~[mixin-0.8.4.jar:0.8.4+Jenkins-b308.git-2accda5000f7602229606b39437565542cc6fba4]
	at org.spongepowered.asm.mixin.transformer.MixinConfig.prepare(MixinConfig.java:775) ~[mixin-0.8.4.jar:0.8.4+Jenkins-b308.git-2accda5000f7602229606b39437565542cc6fba4]
	at org.spongepowered.asm.mixin.transformer.MixinProcessor.prepareConfigs(MixinProcessor.java:539) ~[mixin-0.8.4.jar:0.8.4+Jenkins-b308.git-2accda5000f7602229606b39437565542cc6fba4]
	at org.spongepowered.asm.mixin.transformer.MixinProcessor.select(MixinProcessor.java:462) ~[mixin-0.8.4.jar:0.8.4+Jenkins-b308.git-2accda5000f7602229606b39437565542cc6fba4]
	at org.spongepowered.asm.mixin.transformer.MixinProcessor.checkSelect(MixinProcessor.java:438) ~[mixin-0.8.4.jar:0.8.4+Jenkins-b308.git-2accda5000f7602229606b39437565542cc6fba4]
	at org.spongepowered.asm.mixin.transformer.MixinProcessor.applyMixins(MixinProcessor.java:290) ~[mixin-0.8.4.jar:0.8.4+Jenkins-b308.git-2accda5000f7602229606b39437565542cc6fba4]
	at org.spongepowered.asm.mixin.transformer.MixinTransformer.transformClass(MixinTransformer.java:250) ~[mixin-0.8.4.jar:0.8.4+Jenkins-b308.git-2accda5000f7602229606b39437565542cc6fba4]
	at org.spongepowered.asm.service.modlauncher.MixinTransformationHandler.processClass(MixinTransformationHandler.java:131) ~[mixin-0.8.4.jar:0.8.4+Jenkins-b308.git-2accda5000f7602229606b39437565542cc6fba4]
	at org.spongepowered.asm.launch.MixinLaunchPluginLegacy.processClass(MixinLaunchPluginLegacy.java:131) ~[mixin-0.8.4.jar:0.8.4+Jenkins-b308.git-2accda5000f7602229606b39437565542cc6fba4]
	at cpw.mods.modlauncher.serviceapi.ILaunchPluginService.processClassWithFlags(ILaunchPluginService.java:154) ~[modlauncher-8.1.3.jar:8.1.3+8.1.3+main-8.1.x.c94d18ec]
	at cpw.mods.modlauncher.LaunchPluginHandler.offerClassNodeToPlugins(LaunchPluginHandler.java:85) ~[modlauncher-8.1.3.jar:?]
	at cpw.mods.modlauncher.ClassTransformer.transform(ClassTransformer.java:120) ~[modlauncher-8.1.3.jar:?]
	at cpw.mods.modlauncher.TransformingClassLoader$DelegatedClassLoader.findClass(TransformingClassLoader.java:265) ~[modlauncher-8.1.3.jar:?]
	at cpw.mods.modlauncher.TransformingClassLoader.loadClass(TransformingClassLoader.java:136) ~[modlauncher-8.1.3.jar:?]
	at cpw.mods.modlauncher.TransformingClassLoader.loadClass(TransformingClassLoader.java:98) ~[modlauncher-8.1.3.jar:?]
	at java.lang.ClassLoader.loadClass(ClassLoader.java:527) ~[?:?]
	at java.lang.Class.forName0(Native Method) ~[?:?]
	at java.lang.Class.forName(Class.java:398) ~[?:?]
	at net.minecraftforge.fml.loading.FMLServerLaunchProvider.lambda$launchService$0(FMLServerLaunchProvider.java:37) ~[forge-1.16.5-36.2.42.jar:36.2]
	at cpw.mods.modlauncher.LaunchServiceHandlerDecorator.launch(LaunchServiceHandlerDecorator.java:37) [modlauncher-8.1.3.jar:?]
	at cpw.mods.modlauncher.LaunchServiceHandler.launch(LaunchServiceHandler.java:54) [modlauncher-8.1.3.jar:?]
	at cpw.mods.modlauncher.LaunchServiceHandler.launch(LaunchServiceHandler.java:72) [modlauncher-8.1.3.jar:?]
	at cpw.mods.modlauncher.Launcher.run(Launcher.java:82) [modlauncher-8.1.3.jar:?]
	at cpw.mods.modlauncher.Launcher.main(Launcher.java:66) [modlauncher-8.1.3.jar:?]
	at net.minecraftforge.server.ServerMain$Runner.runLauncher(ServerMain.java:49) [forge-1.16.5-36.2.42.jar:?]
	at net.minecraftforge.server.ServerMain$Runner.access$100(ServerMain.java:46) [forge-1.16.5-36.2.42.jar:?]
	at net.minecraftforge.server.ServerMain.main(ServerMain.java:43) [forge-1.16.5-36.2.42.jar:?]
Caused by: java.lang.ClassNotFoundException: The specified mixin 'com.brutalbosses.mixin.BasePressurePlateBlockMixin' was not found
	at org.spongepowered.asm.mixin.transformer.MixinInfo.loadMixinClass(MixinInfo.java:1313) ~[mixin-0.8.4.jar:0.8.4+Jenkins-b308.git-2accda5000f7602229606b39437565542cc6fba4]
	at org.spongepowered.asm.mixin.transformer.MixinInfo.<init>(MixinInfo.java:857) ~[mixin-0.8.4.jar:0.8.4+Jenkins-b308.git-2accda5000f7602229606b39437565542cc6fba4]
	... 27 more
[10Apr2025 04:01:48.346] [main/DEBUG] [mixin/]: Preparing mixins.waystones.json (1)
[10Apr2025 04:01:48.362] [main/DEBUG] [mixin/]: Preparing citadel.mixins.json (2)
[10Apr2025 04:01:48.390] [main/DEBUG] [mixin/]: Preparing securitycraft.mixins.json (19)
[10Apr2025 04:01:48.429] [main/DEBUG] [net.minecraftforge.coremod.transformer.CoreModBaseTransformer/COREMOD]: Transforming func_72354_b with desc (Lnet/minecraft/entity/player/ServerPlayerEntity;Lnet/minecraft/world/server/ServerWorld;)V
[10Apr2025 04:01:48.563] [main/DEBUG] [net.minecraftforge.coremod.transformer.CoreModBaseTransformer/COREMOD]: Transforming func_72354_b with desc (Lnet/minecraft/entity/player/ServerPlayerEntity;Lnet/minecraft/world/server/ServerWorld;)V
[10Apr2025 04:01:48.728] [main/DEBUG] [net.minecraftforge.coremod.transformer.CoreModBaseTransformer/COREMOD]: Transforming net/minecraft/entity/player/ServerPlayerEntity
[10Apr2025 04:01:49.006] [main/DEBUG] [net.minecraftforge.coremod.transformer.CoreModBaseTransformer/COREMOD]: Transforming net/minecraft/entity/player/ServerPlayerEntity
[10Apr2025 04:01:49.189] [main/DEBUG] [net.minecraftforge.coremod.transformer.CoreModBaseTransformer/COREMOD]: Transforming func_175148_a with desc (Lnet/minecraft/entity/player/PlayerModelPart;)Z
[10Apr2025 04:01:49.189] [main/DEBUG] [net.minecraftforge.coremod.transformer.CoreModBaseTransformer/COREMOD]: Transforming func_175148_a with desc (Lnet/minecraft/entity/player/PlayerModelPart;)Z
[10Apr2025 04:01:49.540] [main/DEBUG] [mixin/]: Preparing mixins.artifacts.json (9)
[10Apr2025 04:01:49.677] [main/DEBUG] [mixin/]: Preparing tombstone.mixins.json (25)
[10Apr2025 04:01:49.830] [main/DEBUG] [net.minecraftforge.coremod.transformer.CoreModBaseTransformer/COREMOD]: Transforming func_82840_a with desc (Lnet/minecraft/entity/player/PlayerEntity;Lnet/minecraft/client/util/ITooltipFlag;)Ljava/util/List;
[10Apr2025 04:01:50.232] [main/DEBUG] [net.minecraftforge.coremod.transformer.CoreModBaseTransformer/COREMOD]: Transforming net/minecraft/item/ItemStack
[10Apr2025 04:01:50.358] [main/DEBUG] [net.minecraftforge.coremod.transformer.CoreModBaseTransformer/COREMOD]: Transforming func_219970_i with desc (Lnet/minecraft/item/ItemStack;)Z
[10Apr2025 04:01:50.441] [main/DEBUG] [mixin/]: Preparing iceandfire.mixins.json (1)
[10Apr2025 04:01:50.453] [main/DEBUG] [mixin/]: Preparing immersive_armors.mixin.json (9)
[10Apr2025 04:01:50.614] [main/DEBUG] [mixin/]: Preparing infinitetrading.mixins.json (0)
[10Apr2025 04:01:50.618] [main/DEBUG] [mixin/]: Preparing expandability.mixins.json (9)
[10Apr2025 04:01:50.724] [main/DEBUG] [mixin/]: Preparing dungeons_libraries.mixins.json (18)
[10Apr2025 04:01:50.885] [main/DEBUG] [net.minecraftforge.coremod.transformer.CoreModBaseTransformer/COREMOD]: Transforming func_220013_l with desc (Lnet/minecraft/item/ItemStack;)F
[10Apr2025 04:01:50.892] [main/DEBUG] [net.minecraftforge.coremod.transformer.CoreModBaseTransformer/COREMOD]: Transforming func_219970_i with desc (Lnet/minecraft/item/ItemStack;)Z
[10Apr2025 04:01:51.044] [main/DEBUG] [mixin/]: Preparing structure_gel.mixins.json (11)
[10Apr2025 04:01:51.100] [main/DEBUG] [net.minecraftforge.coremod.transformer.CoreModBaseTransformer/COREMOD]: Transforming net/minecraft/server/MinecraftServer
[10Apr2025 04:01:51.153] [main/DEBUG] [net.minecraftforge.coremod.transformer.CoreModBaseTransformer/COREMOD]: Transforming net/minecraft/server/MinecraftServer
[10Apr2025 04:01:51.263] [main/DEBUG] [mixin/]: Preparing dungeons_gear.mixins.json (14)
[10Apr2025 04:01:51.312] [main/DEBUG] [mixin/]: Preparing performant.mixins.json (60)
[10Apr2025 04:01:51.414] [main/DEBUG] [com.performant.coremod.Performant/]: Built TOML config for /workspaces/23/servidor_minecraft/config/performant-common.toml
[10Apr2025 04:01:51.419] [main/DEBUG] [com.performant.coremod.Performant/]: Loaded TOML config file /workspaces/23/servidor_minecraft/config/performant-common.toml
[10Apr2025 04:01:51.473] [main/INFO] [com.performant.coremod.Performant/]: Not enabling mixin forcom.performant.coremod.mixin.entity.LivingEntityUpdateEventMixin as config disables it.
[10Apr2025 04:01:51.556] [main/INFO] [com.performant.coremod.Performant/]: Not enabling mixin forcom.performant.coremod.mixin.forge.BasicEventHooksMixin as config disables it.
[10Apr2025 04:01:51.623] [main/INFO] [com.performant.coremod.Performant/]: Not enabling mixin forcom.performant.coremod.mixin.world.WorldMixin as config disables it.
[10Apr2025 04:01:51.856] [main/DEBUG] [mixin/]: Preparing create.mixins.json (7)
[10Apr2025 04:01:51.879] [main/DEBUG] [mixin/]: Registering new injector for @Inject with org.spongepowered.asm.mixin.injection.struct.CallbackInjectionInfo
[10Apr2025 04:01:51.883] [main/DEBUG] [mixin/]: Registering new injector for @ModifyArg with org.spongepowered.asm.mixin.injection.struct.ModifyArgInjectionInfo
[10Apr2025 04:01:51.886] [main/DEBUG] [mixin/]: Registering new injector for @ModifyArgs with org.spongepowered.asm.mixin.injection.struct.ModifyArgsInjectionInfo
[10Apr2025 04:01:51.890] [main/DEBUG] [mixin/]: Registering new injector for @Redirect with org.spongepowered.asm.mixin.injection.struct.RedirectInjectionInfo
[10Apr2025 04:01:51.892] [main/DEBUG] [mixin/]: Registering new injector for @ModifyVariable with org.spongepowered.asm.mixin.injection.struct.ModifyVariableInjectionInfo
[10Apr2025 04:01:51.895] [main/DEBUG] [mixin/]: Registering new injector for @ModifyConstant with org.spongepowered.asm.mixin.injection.struct.ModifyConstantInjectionInfo
[10Apr2025 04:01:51.967] [main/DEBUG] [mixin/]: Inner class immersive_armors/mixin/MobEntityMixin$1 in immersive_armors/mixin/MobEntityMixin on net/minecraft/entity/MobEntity gets unique name net/minecraft/entity/MobEntity$Anonymous$373f0882037f4e268d48167efd6d029a
[10Apr2025 04:01:52.002] [main/DEBUG] [mixin/]: Inner class com/performant/coremod/mixin/advancement/ServerPlayerEntityMixin$1 in com/performant/coremod/mixin/advancement/ServerPlayerEntityMixin on net/minecraft/entity/player/ServerPlayerEntity gets unique name net/minecraft/entity/player/ServerPlayerEntity$Anonymous$afda0270087d4b35984386342411ed43
[10Apr2025 04:01:52.070] [main/DEBUG] [mixin/]: Prepared 150 mixins in 4.514 sec (30.1ms avg) (0ms load, 0ms transform, 0ms plugin)
[10Apr2025 04:01:52.414] [main/DEBUG] [mixin/]: Mixing CrashReportMixin from structure_gel.mixins.json into net.minecraft.crash.CrashReport
[10Apr2025 04:01:52.847] [main/DEBUG] [mixin/]: Mixing block.BlockMixin from performant.mixins.json into net.minecraft.block.Block
[10Apr2025 04:01:52.891] [main/DEBUG] [mixin/]: Mixing forge.BlockMixin from performant.mixins.json into net.minecraft.block.Block
[10Apr2025 04:01:53.030] [main/DEBUG] [net.minecraftforge.coremod.transformer.CoreModBaseTransformer/COREMOD]: Transforming func_219970_i with desc (Lnet/minecraft/item/ItemStack;)Z
[10Apr2025 04:01:53.046] [main/DEBUG] [mixin/]: Mixing ItemMixin from tombstone.mixins.json into net.minecraft.item.Item
[10Apr2025 04:01:53.168] [main/DEBUG] [net.minecraftforge.coremod.transformer.CoreModBaseTransformer/COREMOD]: Transforming net/minecraft/potion/EffectInstance
[10Apr2025 04:01:53.250] [main/DEBUG] [mixin/]: Mixing accessor.ItemAccessor from tombstone.mixins.json into net.minecraft.item.Item
[10Apr2025 04:01:53.262] [main/DEBUG] [mixin/]: Mixing ItemAccessor from dungeons_libraries.mixins.json into net.minecraft.item.Item
[10Apr2025 04:01:53.315] [main/DEBUG] [mixin/]: Mixing EnchantmentMixin from goblintraders.mixins.json into net.minecraft.enchantment.Enchantment
[10Apr2025 04:01:53.350] [main/DEBUG] [mixin/]: Mixing poi.PointOfInterestTypeMixin from performant.mixins.json into net.minecraft.village.PointOfInterestType
[10Apr2025 04:01:53.351] [main/DEBUG] [mixin/]: Renaming @Accessor method getBLOCKS_OF_INTEREST()Ljava/util/Set; to getBLOCKS_OF_INTEREST_$md$7fa7bc$0 in performant.mixins.json:poi.PointOfInterestTypeMixin
[10Apr2025 04:01:53.396] [main/DEBUG] [mixin/]: Mixing world.StructureMixin from performant.mixins.json into net.minecraft.world.gen.feature.structure.Structure
[10Apr2025 04:01:53.516] [main/DEBUG] [mixin/]: Mixing BiomeSpawnBossMixin from brutalbosses.mixins.json into net.minecraft.world.biome.Biome
[10Apr2025 04:01:53.813] [main/DEBUG] [net.minecraftforge.coremod.transformer.CoreModBaseTransformer/COREMOD]: Transforming net/minecraft/block/FlowingFluidBlock
[10Apr2025 04:01:53.984] [main/DEBUG] [net.minecraftforge.coremod.transformer.CoreModBaseTransformer/COREMOD]: Transforming net/minecraft/block/StairsBlock
[10Apr2025 04:01:54.176] [main/DEBUG] [net.minecraftforge.coremod.transformer.CoreModBaseTransformer/COREMOD]: Transforming func_225533_a_ with desc (Lnet/minecraft/block/BlockState;Lnet/minecraft/world/World;Lnet/minecraft/util/math/BlockPos;Lnet/minecraft/entity/player/PlayerEntity;Lnet/minecraft/util/Hand;Lnet/minecraft/util/math/BlockRayTraceResult;)Lnet/minecraft/util/ActionResultType;
[10Apr2025 04:01:54.286] [main/DEBUG] [net.minecraftforge.coremod.transformer.CoreModBaseTransformer/COREMOD]: Transforming func_176208_a with desc (Lnet/minecraft/world/World;Lnet/minecraft/util/math/BlockPos;Lnet/minecraft/block/BlockState;Lnet/minecraft/entity/player/PlayerEntity;)V
[10Apr2025 04:01:54.300] [main/DEBUG] [net.minecraftforge.coremod.transformer.CoreModBaseTransformer/COREMOD]: Transforming net/minecraft/block/FlowerPotBlock
[10Apr2025 04:01:54.415] [main/DEBUG] [mixin/]: Mixing reinforced.BubbleColumnBlockMixin from securitycraft.mixins.json into net.minecraft.block.BubbleColumnBlock
[10Apr2025 04:01:54.464] [main/DEBUG] [mixin/]: Mixing swimming.BubbleColumnBlockMixin from expandability.mixins.json into net.minecraft.block.BubbleColumnBlock
[10Apr2025 04:01:54.549] [main/DEBUG] [net.minecraftforge.coremod.transformer.CoreModBaseTransformer/COREMOD]: Transforming func_225533_a_ with desc (Lnet/minecraft/block/BlockState;Lnet/minecraft/world/World;Lnet/minecraft/util/math/BlockPos;Lnet/minecraft/entity/player/PlayerEntity;Lnet/minecraft/util/Hand;Lnet/minecraft/util/math/BlockRayTraceResult;)Lnet/minecraft/util/ActionResultType;
[10Apr2025 04:01:54.604] [main/DEBUG] [mixin/]: Mixing client.EntityMixin from performant.mixins.json into net.minecraft.entity.Entity
[10Apr2025 04:01:54.610] [main/DEBUG] [mixin/]: Mixing EntityCapReader from brutalbosses.mixins.json into net.minecraft.entity.Entity
[10Apr2025 04:01:54.612] [main/DEBUG] [mixin/]: Mixing item.aquadashers.EntityMixin from mixins.artifacts.json into net.minecraft.entity.Entity
[10Apr2025 04:01:54.641] [main/DEBUG] [mixin/]: Mixing item.umbrella.EntityMixin from mixins.artifacts.json into net.minecraft.entity.Entity
[10Apr2025 04:01:54.647] [main/DEBUG] [mixin/]: Mixing EntityMixin from tombstone.mixins.json into net.minecraft.entity.Entity
[10Apr2025 04:01:54.665] [main/DEBUG] [mixin/]: Mixing fluidcollision.EntityMixin from expandability.mixins.json into net.minecraft.entity.Entity
[10Apr2025 04:01:54.753] [main/DEBUG] [mixin/]: Mixing swimming.EntityMixin from expandability.mixins.json into net.minecraft.entity.Entity
[10Apr2025 04:01:54.771] [main/DEBUG] [mixin/]: Mixing EntityMixin from structure_gel.mixins.json into net.minecraft.entity.Entity
[10Apr2025 04:01:54.771] [main/DEBUG] [mixin/]: Renaming synthetic method lambda$updatePortal$0(Lorg/spongepowered/asm/mixin/injection/callback/CallbackInfo;Lcom/legacy/structure_gel/util/capability/IGelEntity;)V to md7fa7bc$lambda$updatePortal$0$0 in structure_gel.mixins.json:EntityMixin
[10Apr2025 04:01:54.804] [main/DEBUG] [mixin/]: Mixing entity.EntityMixin from performant.mixins.json into net.minecraft.entity.Entity
[10Apr2025 04:01:54.848] [main/DEBUG] [mixin/]: Mixing entity.EntityUpdateMixin from performant.mixins.json into net.minecraft.entity.Entity
[10Apr2025 04:01:55.362] [main/DEBUG] [mixin/]: Mixing entity.LivingEntityMixin from performant.mixins.json into net.minecraft.entity.LivingEntity
[10Apr2025 04:01:55.386] [main/DEBUG] [mixin/]: Renaming synthetic method lambda$tickEffects$0(Lnet/minecraft/potion/EffectInstance;)V to md7fa7bc$lambda$tickEffects$0$0 in performant.mixins.json:entity.LivingEntityMixin
[10Apr2025 04:01:56.167] [main/DEBUG] [mixin/]: Mixing LivingEntityMixin from caelus.mixins.json into net.minecraft.entity.LivingEntity
[10Apr2025 04:01:56.170] [main/DEBUG] [mixin/]: Mixing LivingEntityMixin from citadel.mixins.json into net.minecraft.entity.LivingEntity
[10Apr2025 04:01:56.187] [main/DEBUG] [mixin/]: Mixing LivingEntityMixin from tombstone.mixins.json into net.minecraft.entity.LivingEntity
[10Apr2025 04:01:56.191] [main/DEBUG] [mixin/]: Mixing MixinLivingEntity from immersive_armors.mixin.json into net.minecraft.entity.LivingEntity
[10Apr2025 04:01:56.222] [main/DEBUG] [mixin/]: Mixing swimming.LivingEntityMixin from expandability.mixins.json into net.minecraft.entity.LivingEntity
[10Apr2025 04:01:56.225] [main/DEBUG] [mixin/]: Renaming synthetic method lambda$setFluidHeight$0(Lnet/minecraft/entity/LivingEntity;Lnet/minecraft/tags/ITag;)Ljava/lang/Double; to md7fa7bc$lambda$setFluidHeight$0$1 in expandability.mixins.json:swimming.LivingEntityMixin
[10Apr2025 04:01:56.588] [main/DEBUG] [mixin/]: Mixing world.ICollisionReaderMixin from performant.mixins.json into net.minecraft.world.ICollisionReader
[10Apr2025 04:01:56.606] [main/DEBUG] [mixin/]: Mixing piston.WorldMixin from securitycraft.mixins.json into net.minecraft.world.World
[10Apr2025 04:01:56.664] [main/DEBUG] [mixin/]: Mixing world.ServerWorldBlockUpdateMixin from performant.mixins.json into net.minecraft.world.server.ServerWorld
[10Apr2025 04:01:56.665] [main/DEBUG] [mixin/]: Mixing world.ServerWorldMixin from performant.mixins.json into net.minecraft.world.server.ServerWorld
[10Apr2025 04:01:56.692] [main/DEBUG] [mixin/]: Mixing ServerWorldMixin from tombstone.mixins.json into net.minecraft.world.server.ServerWorld
[10Apr2025 04:01:56.756] [main/DEBUG] [mixin/]: Mixing entity.ItemEntityMixin from performant.mixins.json into net.minecraft.entity.item.ItemEntity
[10Apr2025 04:01:56.778] [main/DEBUG] [net.minecraftforge.coremod.transformer.CoreModBaseTransformer/COREMOD]: Transforming func_175148_a with desc (Lnet/minecraft/entity/player/PlayerModelPart;)Z
[10Apr2025 04:01:56.779] [main/DEBUG] [net.minecraftforge.coremod.transformer.CoreModBaseTransformer/COREMOD]: Transforming func_175148_a with desc (Lnet/minecraft/entity/player/PlayerModelPart;)Z
[10Apr2025 04:01:56.781] [main/DEBUG] [mixin/]: Mixing PlayerEntityMixin from caelus.mixins.json into net.minecraft.entity.player.PlayerEntity
[10Apr2025 04:01:56.784] [main/DEBUG] [mixin/]: Mixing PlayerEntityMixin from tombstone.mixins.json into net.minecraft.entity.player.PlayerEntity
[10Apr2025 04:01:56.786] [main/DEBUG] [mixin/]: Mixing swimming.PlayerMixin from expandability.mixins.json into net.minecraft.entity.player.PlayerEntity
[10Apr2025 04:01:56.787] [main/DEBUG] [mixin/]: Renaming synthetic method lambda$setEyeInFluid$0(Lnet/minecraft/entity/player/PlayerEntity;Lnet/minecraft/tags/ITag;)Ljava/lang/Boolean; to md7fa7bc$lambda$setEyeInFluid$0$0 in expandability.mixins.json:swimming.PlayerMixin
[10Apr2025 04:01:56.788] [main/DEBUG] [mixin/]: Mixing PlayerEntityMixin from dungeons_gear.mixins.json into net.minecraft.entity.player.PlayerEntity
[10Apr2025 04:01:56.902] [main/DEBUG] [mixin/]: Mixing ForgeHooksMixin from dungeons_plus.mixins.json into net.minecraftforge.common.ForgeHooks
[10Apr2025 04:01:56.904] [main/DEBUG] [mixin/]: Mixing ForgeHooksMixin from tombstone.mixins.json into net.minecraftforge.common.ForgeHooks
[10Apr2025 04:01:56.977] [main/DEBUG] [net.minecraftforge.coremod.transformer.CoreModBaseTransformer/COREMOD]: Transforming net/minecraft/entity/player/ServerPlayerEntity
[10Apr2025 04:01:56.982] [main/DEBUG] [net.minecraftforge.coremod.transformer.CoreModBaseTransformer/COREMOD]: Transforming net/minecraft/entity/player/ServerPlayerEntity
[10Apr2025 04:01:56.986] [main/DEBUG] [mixin/]: Mixing advancement.ServerPlayerEntityMixin from performant.mixins.json into net.minecraft.entity.player.ServerPlayerEntity
[10Apr2025 04:01:56.989] [main/DEBUG] [mixin/]: Renaming synthetic method access$000(Lnet/minecraft/entity/player/ServerPlayerEntity;)Lnet/minecraft/item/ItemStack; to md7fa7bc$access$000$0 in performant.mixins.json:advancement.ServerPlayerEntityMixin
[10Apr2025 04:01:57.013] [main/DEBUG] [mixin/]: Mixing entity.ServerPlayerEntityMixin from performant.mixins.json into net.minecraft.entity.player.ServerPlayerEntity
[10Apr2025 04:01:57.015] [main/DEBUG] [mixin/]: Mixing camera.ServerPlayerEntityMixin from securitycraft.mixins.json into net.minecraft.entity.player.ServerPlayerEntity
[10Apr2025 04:01:57.535] [main/DEBUG] [mixin/]: Mixing LockableLootTileEntityMixin from brutalbosses.mixins.json into net.minecraft.tileentity.LockableLootTileEntity
[10Apr2025 04:01:57.544] [main/DEBUG] [mixin/]: Mixing LockableLootTileEntityMixin from dungeons_gear.mixins.json into net.minecraft.tileentity.LockableLootTileEntity
[10Apr2025 04:01:57.559] [main/DEBUG] [mixin/]: Mixing hopper.LockableLootTileEntityMixin from performant.mixins.json into net.minecraft.tileentity.LockableLootTileEntity
[10Apr2025 04:01:58.560] [main/DEBUG] [net.minecraftforge.coremod.transformer.CoreModBaseTransformer/COREMOD]: Transforming func_230254_b_ with desc (Lnet/minecraft/entity/player/PlayerEntity;Lnet/minecraft/util/Hand;)Lnet/minecraft/util/ActionResultType;
[10Apr2025 04:01:58.593] [main/DEBUG] [mixin/]: Mixing entity.CreatureEntityMixin from performant.mixins.json into net.minecraft.entity.CreatureEntity
[10Apr2025 04:01:58.704] [main/DEBUG] [mixin/]: Mixing MobMixin from tombstone.mixins.json into net.minecraft.entity.MobEntity
[10Apr2025 04:01:58.710] [main/DEBUG] [mixin/]: Renaming synthetic method lambda$methodSetTarget$2(Lnet/minecraft/entity/LivingEntity;Ljava/util/UUID;)Ljava/lang/Boolean; to md7fa7bc$lambda$methodSetTarget$2$0 in tombstone.mixins.json:MobMixin
[10Apr2025 04:01:58.714] [main/DEBUG] [mixin/]: Renaming synthetic method lambda$methodCanBeLeashed$1(Lnet/minecraft/entity/player/PlayerEntity;Ljava/util/UUID;)Ljava/lang/Boolean; to md7fa7bc$lambda$methodCanBeLeashed$1$1 in tombstone.mixins.json:MobMixin
[10Apr2025 04:01:58.719] [main/DEBUG] [mixin/]: Renaming synthetic method lambda$methodTick$0(Lnet/minecraft/entity/MobEntity;Lovh/corail/tombstone/api/capability/ISpellCaster;)V to md7fa7bc$lambda$methodTick$0$2 in tombstone.mixins.json:MobMixin
[10Apr2025 04:01:58.736] [main/DEBUG] [mixin/]: Mixing MobEntityMixin from immersive_armors.mixin.json into net.minecraft.entity.MobEntity
[10Apr2025 04:01:58.746] [main/DEBUG] [mixin/]: Mixing MobEntityInvoker from dungeons_libraries.mixins.json into net.minecraft.entity.MobEntity
[10Apr2025 04:01:58.747] [main/DEBUG] [mixin/]: Mixing MobEntityMixin from dungeons_libraries.mixins.json into net.minecraft.entity.MobEntity
[10Apr2025 04:01:58.750] [main/DEBUG] [mixin/]: Mixing entity.MobEntityDespawnMixin from performant.mixins.json into net.minecraft.entity.MobEntity
[10Apr2025 04:01:58.752] [main/DEBUG] [mixin/]: Mixing entity.MobEntityMixin from performant.mixins.json into net.minecraft.entity.MobEntity
[10Apr2025 04:01:58.821] [main/DEBUG] [mixin/]: Mixing MonsterMixin from tombstone.mixins.json into net.minecraft.entity.monster.MonsterEntity
[10Apr2025 04:01:59.016] [main/DEBUG] [mixin/]: Mixing RepairContainerMixin from goblintraders.mixins.json into net.minecraft.inventory.container.RepairContainer
[10Apr2025 04:01:59.033] [main/DEBUG] [mixin/]: ArgsClassGenerator assigning org.spongepowered.asm.synthetic.args.Args$1 for descriptor (Ljava/lang/Object;Ljava/lang/Object;)V
[10Apr2025 04:01:59.048] [main/DEBUG] [mixin/]: Mixing hopper.HopperTileEntityMixin from performant.mixins.json into net.minecraft.tileentity.HopperTileEntity
[10Apr2025 04:01:59.259] [main/DEBUG] [mixin/]: Mixing ProjectileHitActionMixin from brutalbosses.mixins.json into net.minecraft.entity.projectile.ProjectileEntity
[10Apr2025 04:01:59.883] [main/DEBUG] [net.minecraftforge.coremod.transformer.CoreModBaseTransformer/COREMOD]: Transforming func_82846_b with desc (Lnet/minecraft/entity/player/PlayerEntity;I)Lnet/minecraft/item/ItemStack;
[10Apr2025 04:02:00.148] [main/DEBUG] [mixin/]: Mixing reinforced.AbstractTrunkPlacerMixin from securitycraft.mixins.json into net.minecraft.world.gen.trunkplacer.AbstractTrunkPlacer
[10Apr2025 04:02:00.170] [main/DEBUG] [mixin/]: Mixing reinforced.TreeFeatureMixin from securitycraft.mixins.json into net.minecraft.world.gen.feature.TreeFeature
[10Apr2025 04:02:00.170] [main/DEBUG] [mixin/]: Renaming synthetic method lambda$securitycraft$onCheckGrassOrDirt$0(Lnet/minecraft/block/BlockState;)Z to md7fa7bc$lambda$securitycraft$onCheckGrassOrDirt$0$0 in securitycraft.mixins.json:reinforced.TreeFeatureMixin
[10Apr2025 04:02:00.192] [main/DEBUG] [mixin/]: Mixing NoLakesInStructuresMixin from iceandfire.mixins.json into net.minecraft.world.gen.feature.LakesFeature
[10Apr2025 04:02:00.196] [main/DEBUG] [mixin/]: Mixing LakesFeatureMixin from structure_gel.mixins.json into net.minecraft.world.gen.feature.LakesFeature
[10Apr2025 04:02:00.300] [main/DEBUG] [mixin/]: Mixing AreaEffectCloudEntityMixin from dungeons_gear.mixins.json into net.minecraft.entity.AreaEffectCloudEntity
[10Apr2025 04:02:00.312] [main/DEBUG] [net.minecraftforge.coremod.transformer.CoreModBaseTransformer/COREMOD]: Transforming net/minecraft/potion/EffectInstance
[10Apr2025 04:02:00.914] [main/DEBUG] [mixin/]: Mixing item.CompoundNBTMixin from performant.mixins.json into net.minecraft.nbt.CompoundNBT
[10Apr2025 04:02:01.701] [main/DEBUG] [mixin/]: Mixing entity.ArmorStandEntityMixin from performant.mixins.json into net.minecraft.entity.item.ArmorStandEntity
[10Apr2025 04:02:01.767] [main/DEBUG] [mixin/]: Mixing AbstractArrowEntityMixin from dungeons_gear.mixins.json into net.minecraft.entity.projectile.AbstractArrowEntity
[10Apr2025 04:02:01.810] [main/DEBUG] [mixin/]: Mixing pathing.PathNavigatorMixin from performant.mixins.json into net.minecraft.pathfinding.PathNavigator
[10Apr2025 04:02:01.847] [main/DEBUG] [mixin/]: Mixing pathing.GroundPathNavigatorMixin from performant.mixins.json into net.minecraft.pathfinding.GroundPathNavigator
[10Apr2025 04:02:01.859] [main/DEBUG] [mixin/]: Mixing BeeEntityMixin from dungeons_libraries.mixins.json into net.minecraft.entity.passive.BeeEntity
[10Apr2025 04:02:01.906] [main/DEBUG] [mixin/]: Mixing MeleeAttackGoalMixin from brutalbosses.mixins.json into net.minecraft.entity.ai.goal.MeleeAttackGoal
[10Apr2025 04:02:01.949] [main/DEBUG] [mixin/]: Mixing HurtByTargetGoalMixin from tombstone.mixins.json into net.minecraft.entity.ai.goal.HurtByTargetGoal
[10Apr2025 04:02:01.950] [main/DEBUG] [mixin/]: Mixing HurtByTargetGoalMixin from dungeons_gear.mixins.json into net.minecraft.entity.ai.goal.HurtByTargetGoal
[10Apr2025 04:02:01.968] [main/DEBUG] [mixin/]: Mixing accessor.TargetGoalAccessor from tombstone.mixins.json into net.minecraft.entity.ai.goal.TargetGoal
[10Apr2025 04:02:01.972] [main/DEBUG] [mixin/]: Mixing MixinFollowTargetGoal from immersive_armors.mixin.json into net.minecraft.entity.ai.goal.NearestAttackableTargetGoal
[10Apr2025 04:02:01.976] [main/DEBUG] [net.minecraftforge.coremod.transformer.CoreModBaseTransformer/COREMOD]: Transforming func_85036_m with desc ()V
[10Apr2025 04:02:01.983] [main/DEBUG] [net.minecraftforge.coremod.transformer.CoreModBaseTransformer/COREMOD]: Transforming func_230280_a_ with desc (Lnet/minecraft/item/ShootableItem;)Z
[10Apr2025 04:02:02.038] [main/DEBUG] [mixin/]: Mixing goal.AvoidEntityGoalMixin from performant.mixins.json into net.minecraft.entity.ai.goal.AvoidEntityGoal
[10Apr2025 04:02:02.119] [main/DEBUG] [mixin/]: Mixing entity.AbstractHorseEntityMixin from performant.mixins.json into net.minecraft.entity.passive.horse.AbstractHorseEntity
[10Apr2025 04:02:02.162] [main/DEBUG] [mixin/]: Mixing ZombieMixin from tombstone.mixins.json into net.minecraft.entity.monster.ZombieEntity
[10Apr2025 04:02:02.188] [main/DEBUG] [mixin/]: Mixing goal.BreakBlockGoalMixin from performant.mixins.json into net.minecraft.entity.ai.goal.BreakBlockGoal
[10Apr2025 04:02:02.466] [main/DEBUG] [net.minecraftforge.coremod.transformer.CoreModBaseTransformer/COREMOD]: Transforming func_82840_a with desc (Lnet/minecraft/entity/player/PlayerEntity;Lnet/minecraft/client/util/ITooltipFlag;)Ljava/util/List;
[10Apr2025 04:02:02.572] [main/DEBUG] [net.minecraftforge.coremod.transformer.CoreModBaseTransformer/COREMOD]: Transforming net/minecraft/item/ItemStack
[10Apr2025 04:02:02.578] [main/DEBUG] [mixin/]: Mixing item.ItemStackMixin from performant.mixins.json into net.minecraft.item.ItemStack
[10Apr2025 04:02:02.582] [main/DEBUG] [mixin/]: Mixing ItemStackMixin from tombstone.mixins.json into net.minecraft.item.ItemStack
[10Apr2025 04:02:02.622] [main/DEBUG] [net.minecraftforge.coremod.transformer.CoreModBaseTransformer/COREMOD]: Transforming func_110131_b with desc (Lnet/minecraft/item/ItemStack;)V
[10Apr2025 04:02:02.663] [main/DEBUG] [mixin/]: Mixing ContainerMinecartEntityMixin from dungeons_gear.mixins.json into net.minecraft.entity.item.minecart.ContainerMinecartEntity
[10Apr2025 04:02:02.736] [main/DEBUG] [net.minecraftforge.coremod.transformer.CoreModBaseTransformer/COREMOD]: Transforming func_230254_b_ with desc (Lnet/minecraft/entity/player/PlayerEntity;Lnet/minecraft/util/Hand;)Lnet/minecraft/util/ActionResultType;
[10Apr2025 04:02:02.855] [main/DEBUG] [net.minecraftforge.coremod.transformer.CoreModBaseTransformer/COREMOD]: Transforming func_230280_a_ with desc (Lnet/minecraft/item/ShootableItem;)Z
[10Apr2025 04:02:02.856] [main/DEBUG] [net.minecraftforge.coremod.transformer.CoreModBaseTransformer/COREMOD]: Transforming func_208003_a with desc (Lnet/minecraft/item/ItemStack;Lnet/minecraft/item/ItemStack;)Z
[10Apr2025 04:02:02.884] [main/DEBUG] [net.minecraftforge.coremod.transformer.CoreModBaseTransformer/COREMOD]: Transforming func_230280_a_ with desc (Lnet/minecraft/item/ShootableItem;)Z
[10Apr2025 04:02:02.886] [main/DEBUG] [net.minecraftforge.coremod.transformer.CoreModBaseTransformer/COREMOD]: Transforming func_241844_w with desc (F)V
[10Apr2025 04:02:02.945] [main/DEBUG] [net.minecraftforge.coremod.transformer.CoreModBaseTransformer/COREMOD]: Transforming func_230254_b_ with desc (Lnet/minecraft/entity/player/PlayerEntity;Lnet/minecraft/util/Hand;)Lnet/minecraft/util/ActionResultType;
[10Apr2025 04:02:02.957] [main/DEBUG] [net.minecraftforge.coremod.transformer.CoreModBaseTransformer/COREMOD]: Transforming func_85036_m with desc ()V
[10Apr2025 04:02:02.960] [main/DEBUG] [net.minecraftforge.coremod.transformer.CoreModBaseTransformer/COREMOD]: Transforming func_230280_a_ with desc (Lnet/minecraft/item/ShootableItem;)Z
[10Apr2025 04:02:03.130] [main/DEBUG] [mixin/]: Mixing item.villagerhat.VillagerEntityMixin from mixins.artifacts.json into net.minecraft.entity.merchant.villager.VillagerEntity
[10Apr2025 04:02:03.143] [main/DEBUG] [mixin/]: Mixing accessor.VillagerAccessor from tombstone.mixins.json into net.minecraft.entity.merchant.villager.VillagerEntity
[10Apr2025 04:02:03.166] [main/DEBUG] [mixin/]: Mixing item.villagerhat.AbstractVillagerEntityMixin from mixins.artifacts.json into net.minecraft.entity.merchant.villager.AbstractVillagerEntity
[10Apr2025 04:02:03.423] [main/DEBUG] [mixin/]: Mixing world.chunk.ServerChunkProviderMixin from performant.mixins.json into net.minecraft.world.server.ServerChunkProvider
[10Apr2025 04:02:03.495] [main/DEBUG] [net.minecraftforge.coremod.transformer.CoreModBaseTransformer/COREMOD]: Transforming net/minecraft/world/chunk/Chunk
[10Apr2025 04:02:03.513] [main/DEBUG] [net.minecraftforge.coremod.transformer.CoreModBaseTransformer/COREMOD]: Transforming net/minecraft/world/chunk/Chunk
[10Apr2025 04:02:03.533] [main/DEBUG] [mixin/]: Mixing world.chunk.ServerChunkProviderThreadsMixin from performant.mixins.json into net.minecraft.world.server.ServerChunkProvider
[10Apr2025 04:02:04.291] [main/DEBUG] [net.minecraftforge.coremod.transformer.CoreModBaseTransformer/COREMOD]: Transforming func_92089_a with desc (Lnet/minecraft/item/ItemStack;)Z
[10Apr2025 04:02:04.295] [main/DEBUG] [mixin/]: Mixing UnbreakingEnchantmentMixin from mixins.artifacts.json into net.minecraft.enchantment.UnbreakingEnchantment
[10Apr2025 04:02:04.360] [main/DEBUG] [mixin/]: Mixing ArmorItemAccessor from dungeons_libraries.mixins.json into net.minecraft.item.ArmorItem
[10Apr2025 04:02:04.368] [main/DEBUG] [mixin/]: Mixing BowItemMixin from dungeons_libraries.mixins.json into net.minecraft.item.BowItem
[10Apr2025 04:02:04.406] [main/DEBUG] [mixin/]: Mixing TieredItemAccessor from dungeons_libraries.mixins.json into net.minecraft.item.TieredItem
[10Apr2025 04:02:04.416] [main/DEBUG] [mixin/]: Mixing PickaxeItemAccessor from dungeons_libraries.mixins.json into net.minecraft.item.PickaxeItem
[10Apr2025 04:02:04.418] [main/DEBUG] [mixin/]: Renaming @Accessor method getDIGGABLES()Ljava/util/Set; to getDIGGABLES_$md$7fa7bc$0 in dungeons_libraries.mixins.json:PickaxeItemAccessor
[10Apr2025 04:02:04.422] [main/DEBUG] [mixin/]: Mixing AxeItemAccessor from dungeons_libraries.mixins.json into net.minecraft.item.AxeItem
[10Apr2025 04:02:04.424] [main/DEBUG] [mixin/]: Renaming @Accessor method getOTHER_DIGGABLE_BLOCKS()Ljava/util/Set; to getOTHER_DIGGABLE_BLOCKS_$md$7fa7bc$0 in dungeons_libraries.mixins.json:AxeItemAccessor
[10Apr2025 04:02:04.424] [main/DEBUG] [mixin/]: Renaming @Accessor method getSTRIPABLES()Ljava/util/Map; to getSTRIPABLES_$md$7fa7bc$1 in dungeons_libraries.mixins.json:AxeItemAccessor
[10Apr2025 04:02:04.425] [main/DEBUG] [mixin/]: Renaming @Accessor method getDIGGABLE_MATERIALS()Ljava/util/Set; to getDIGGABLE_MATERIALS_$md$7fa7bc$2 in dungeons_libraries.mixins.json:AxeItemAccessor
[10Apr2025 04:02:04.518] [main/DEBUG] [net.minecraftforge.coremod.transformer.CoreModBaseTransformer/COREMOD]: Transforming net/minecraft/item/BucketItem
[10Apr2025 04:02:04.549] [main/DEBUG] [net.minecraftforge.coremod.transformer.CoreModBaseTransformer/COREMOD]: Transforming net/minecraft/item/FishBucketItem
[10Apr2025 04:02:04.585] [main/DEBUG] [mixin/]: Mixing PotionItemMixin from tombstone.mixins.json into net.minecraft.item.PotionItem
[10Apr2025 04:02:04.586] [main/DEBUG] [mixin/]: Renaming synthetic method lambda$effectList$0(Lnet/minecraft/potion/EffectInstance;)Ljava/lang/Integer; to md7fa7bc$lambda$effectList$0$0 in tombstone.mixins.json:PotionItemMixin
[10Apr2025 04:02:04.599] [main/DEBUG] [mixin/]: Mixing SpawnEggItemMixin from goblintraders.mixins.json into net.minecraft.item.SpawnEggItem
[10Apr2025 04:02:04.599] [main/DEBUG] [mixin/]: Renaming @Accessor method getEggMap()Ljava/util/Map; to getEggMap_$md$7fa7bc$0 in goblintraders.mixins.json:SpawnEggItemMixin
[10Apr2025 04:02:04.606] [main/DEBUG] [mixin/]: Mixing reinforced.WritableAndWrittenBookItemMixin from securitycraft.mixins.json into net.minecraft.item.WritableBookItem
[10Apr2025 04:02:04.619] [main/DEBUG] [mixin/]: Mixing reinforced.WritableAndWrittenBookItemMixin from securitycraft.mixins.json into net.minecraft.item.WrittenBookItem
[10Apr2025 04:02:04.647] [main/DEBUG] [net.minecraftforge.coremod.transformer.CoreModBaseTransformer/COREMOD]: Transforming func_220013_l with desc (Lnet/minecraft/item/ItemStack;)F
[10Apr2025 04:02:04.648] [main/DEBUG] [mixin/]: Mixing CrossbowItemInvoker from dungeons_libraries.mixins.json into net.minecraft.item.CrossbowItem
[10Apr2025 04:02:04.648] [main/DEBUG] [mixin/]: Renaming @Invoker method addChargedProjectile(Lnet/minecraft/item/ItemStack;Lnet/minecraft/item/ItemStack;)V to addChargedProjectile_$md$7fa7bc$0 in dungeons_libraries.mixins.json:CrossbowItemInvoker
[10Apr2025 04:02:04.649] [main/DEBUG] [mixin/]: Renaming @Invoker method getChargedProjectiles(Lnet/minecraft/item/ItemStack;)Ljava/util/List; to getChargedProjectiles_$md$7fa7bc$1 in dungeons_libraries.mixins.json:CrossbowItemInvoker
[10Apr2025 04:02:04.649] [main/DEBUG] [mixin/]: Renaming @Invoker method onCrossbowShot(Lnet/minecraft/world/World;Lnet/minecraft/entity/LivingEntity;Lnet/minecraft/item/ItemStack;)V to onCrossbowShot_$md$7fa7bc$2 in dungeons_libraries.mixins.json:CrossbowItemInvoker
[10Apr2025 04:02:04.650] [main/DEBUG] [mixin/]: Mixing CrossbowItemMixin from dungeons_libraries.mixins.json into net.minecraft.item.CrossbowItem
[10Apr2025 04:02:04.653] [main/DEBUG] [mixin/]: Mixing CrossbowItemMixin from dungeons_gear.mixins.json into net.minecraft.item.CrossbowItem
[10Apr2025 04:02:04.715] [main/DEBUG] [mixin/]: Mixing ArmorMaterialAccessor from dungeons_libraries.mixins.json into net.minecraft.item.ArmorMaterial
[10Apr2025 04:02:04.762] [main/DEBUG] [net.minecraftforge.coremod.transformer.CoreModBaseTransformer/COREMOD]: Transforming net/minecraft/potion/EffectInstance
[10Apr2025 04:02:04.809] [main/DEBUG] [net.minecraftforge.coremod.transformer.CoreModBaseTransformer/COREMOD]: Transforming func_234600_a_ with desc (Lnet/minecraft/entity/player/PlayerEntity;)Z
[10Apr2025 04:02:04.895] [main/DEBUG] [mixin/]: Mixing potion.BrewingStandContainerMixin from securitycraft.mixins.json into net.minecraft.inventory.container.BrewingStandContainer
[10Apr2025 04:02:05.013] [main/DEBUG] [mixin/]: Mixing MerchantResultSlotMixin from goblintraders.mixins.json into net.minecraft.inventory.container.MerchantResultSlot
[10Apr2025 04:02:05.029] [main/DEBUG] [net.minecraftforge.coremod.transformer.CoreModBaseTransformer/COREMOD]: Transforming func_75214_a with desc (Lnet/minecraft/item/ItemStack;)Z
[10Apr2025 04:02:05.119] [main/DEBUG] [mixin/]: Mixing goal.NearestLivingEntitiesSensorMixin from performant.mixins.json into net.minecraft.entity.ai.brain.sensor.NearestLivingEntitiesSensor
[10Apr2025 04:02:05.120] [main/DEBUG] [mixin/]: Renaming synthetic method lambda$doTick$0(Lnet/minecraft/entity/LivingEntity;Lnet/minecraft/entity/LivingEntity;)Z to md7fa7bc$lambda$doTick$0$0 in performant.mixins.json:goal.NearestLivingEntitiesSensorMixin
[10Apr2025 04:02:05.201] [main/DEBUG] [mixin/]: Mixing LootContextAccessor from dungeons_gear.mixins.json into net.minecraft.loot.LootContext
[10Apr2025 04:02:05.820] [main/DEBUG] [net.minecraftforge.coremod.transformer.CoreModBaseTransformer/COREMOD]: Transforming net/minecraft/server/MinecraftServer
[10Apr2025 04:02:05.824] [main/DEBUG] [net.minecraftforge.coremod.transformer.CoreModBaseTransformer/COREMOD]: Transforming net/minecraft/server/MinecraftServer
[10Apr2025 04:02:05.830] [main/DEBUG] [mixin/]: Mixing MinecraftServerMixin from structure_gel.mixins.json into net.minecraft.server.MinecraftServer
[10Apr2025 04:02:06.127] [main/DEBUG] [net.minecraftforge.fml.ForgeI18n/CORE]: Loading I18N data entries: 4980
[10Apr2025 04:02:06.218] [main/DEBUG] [mixin/]: Mixing forge.SimpleChannelMixin from performant.mixins.json into net.minecraftforge.fml.network.simple.SimpleChannel
